Longitude (x),Latitude (y),Station Name,Climate ID,Date/Time (LST),Year,Month,Day,Time (LST),Temp (°C),Temp Flag,Dew Point Temp (°C),Dew Point Temp Flag,Rel Hum (%),Rel Hum Flag,Precip. Amount (mm),Precip. Amount Flag,Wind Dir (10s deg),Wind Dir Flag,Wind Spd (km/h),Wind Spd Flag,Visibility (km),Visibility Flag,Stn Press (kPa),Stn Press Flag,Hmdx,Hmdx Flag,Wind Chill,Wind Chill Flag,Weather
-112.97,54.28,ABEE AGDM,3010010,2023-10-01 0:00,2023,10,1,0:00,4.2,,2.3,,88,,0,,,,0,,,,,M,,,,,NA
-112.97,54.28,ABEE AGDM,3010010,2023-10-01 1:00,2023,10,1,1:00,4.1,,2.6,,89,,0,,0,,1,,,,,M,,,,,NA
-112.97,54.28,ABEE AGDM,3010010,2023-10-01 2:00,2023,10,1,2:00,4,,2.6,,90,,0,,,,0,,,,,M,,,,,NA
-112.97,54.28,ABEE AGDM,3010010,2023-10-01 3:00,2023,10,1,3:00,1.9,,1,,94,,0,,0,,1,,,,,M,,,,,NA
-112.97,54.28,ABEE AGDM,3010010,2023-10-01 4:00,2023,10,1,4:00,-1.3,,-2,,95,,0,,,,0,,,,,M,,,,,NA
-112.97,54.28,ABEE AGDM,3010010,2023-10-01 5:00,2023,10,1,5:00,-3.1,,-3.6,,96,,0,,,,0,,,,,M,,,,,NA
-112.97,54.28,ABEE AGDM,3010010,2023-10-01 6:00,2023,10,1,6:00,-3.5,,-3.9,,97,,0,,,,0,,,,,M,,,,,NA
-112.97,54.28,ABEE AGDM,3010010,2023-10-01 7:00,2023,10,1,7:00,-4.8,,-5.2,,97,,0,,0,,1,,,,,M,,,-5,,NA
-112.97,54.28,ABEE AGDM,3010010,2023-10-01 8:00,2023,10,1,8:00,-1.7,,-1.9,,98,,0,,9,,2,,,,,M,,,-2,,NA
-112.97,54.28,ABEE AGDM,3010010,2023-10-01 9:00,2023,10,1,9:00,3.8,,3.2,,96,,0,,17,,5,,,,,M,,,,,NA
-112.97,54.28,ABEE AGDM,3010010,2023-10-01 10:00,2023,10,1,10:00,7.7,,2.9,,72,,0,,18,,12,,,,,M,,,,,NA
-112.97,54.28,ABEE AGDM,3010010,2023-10-01 11:00,2023,10,1,11:00,9.4,,2.9,,64,,0,,18,,16,,,,,M,,,,,NA
-112.97,54.28,ABEE AGDM,3010010,2023-10-01 12:00,2023,10,1,12:00,10.7,,2.8,,58,,0,,19,,18,,,,,M,,,,,NA
-112.97,54.28,ABEE AGDM,3010010,2023-10-01 13:00,2023,10,1,13:00,11.7,,3.2,,56,,0,,20,,16,,,,,M,,,,,NA
-112.97,54.28,ABEE AGDM,3010010,2023-10-01 14:00,2023,10,1,14:00,12.3,,2.7,,52,,0,,19,,18,,,,,M,,,,,NA
-112.97,54.28,ABEE AGDM,3010010,2023-10-01 15:00,2023,10,1,15:00,12.7,,2.9,,51,,0,,19,,20,,,,,M,,,,,NA
-112.97,54.28,ABEE AGDM,3010010,2023-10-01 16:00,2023,10,1,16:00,12.6,,3.6,,54,,0,,18,,18,,,,,M,,,,,NA
-112.97,54.28,ABEE AGDM,3010010,2023-10-01 17:00,2023,10,1,17:00,11.7,,4.1,,59,,0,,18,,17,,,,,M,,,,,NA
-112.97,54.28,ABEE AGDM,3010010,2023-10-01 18:00,2023,10,1,18:00,8.3,,3.6,,72,,0,,16,,8,,,,,M,,,,,NA
-112.97,54.28,ABEE AGDM,3010010,2023-10-01 19:00,2023,10,1,19:00,5.8,,3.1,,83,,0,,14,,8,,,,,M,,,,,NA
-112.97,54.28,ABEE AGDM,3010010,2023-10-01 20:00,2023,10,1,20:00,5.2,,2.9,,85,,0,,14,,10,,,,,M,,,,,NA
-112.97,54.28,ABEE AGDM,3010010,2023-10-01 21:00,2023,10,1,21:00,4.5,,3,,90,,0,,15,,11,,,,,M,,,,,NA
-112.97,54.28,ABEE AGDM,3010010,2023-10-01 22:00,2023,10,1,22:00,3.5,,2.3,,92,,0,,14,,10,,,,,M,,,,,NA
-112.97,54.28,ABEE AGDM,3010010,2023-10-01 23:00,2023,10,1,23:00,3.2,,2.2,,93,,0,,14,,9,,,,,M,,,,,NA
-112.97,54.28,ABEE AGDM,3010010,2023-10-02 0:00,2023,10,2,0:00,2.6,,1.7,,94,,0,,14,,11,,,,,M,,,,,NA
-112.97,54.28,ABEE AGDM,3010010,2023-10-02 1:00,2023,10,2,1:00,3.3,,2.3,,93,,0,,14,,11,,,,,M,,,,,NA
-112.97,54.28,ABEE AGDM,3010010,2023-10-02 2:00,2023,10,2,2:00,2.7,,1.8,,94,,0,,15,,11,,,,,M,,,,,NA
-112.97,54.28,ABEE AGDM,3010010,2023-10-02 3:00,2023,10,2,3:00,3.7,,2.8,,94,,0,,15,,12,,,,,M,,,,,NA
-112.97,54.28,ABEE AGDM,3010010,2023-10-02 4:00,2023,10,2,4:00,3.3,,2.5,,94,,0,,15,,11,,,,,M,,,,,NA
-112.97,54.28,ABEE AGDM,3010010,2023-10-02 5:00,2023,10,2,5:00,4,,3,,93,,0,,15,,17,,,,,M,,,,,NA
-112.97,54.28,ABEE AGDM,3010010,2023-10-02 6:00,2023,10,2,6:00,3.9,,2.9,,93,,0,,15,,9,,,,,M,,,,,NA
-112.97,54.28,ABEE AGDM,3010010,2023-10-02 7:00,2023,10,2,7:00,3.9,,3,,94,,0,,15,,8,,,,,M,,,,,NA
-112.97,54.28,ABEE AGDM,3010010,2023-10-02 8:00,2023,10,2,8:00,4.6,,3.7,,94,,0,,15,,8,,,,,M,,,,,NA
-112.97,54.28,ABEE AGDM,3010010,2023-10-02 9:00,2023,10,2,9:00,5.8,,4.6,,91,,0,,18,,8,,,,,M,,,,,NA
-112.97,54.28,ABEE AGDM,3010010,2023-10-02 10:00,2023,10,2,10:00,6.7,,5.1,,90,,0,,21,,12,,,,,M,,,,,NA
-112.97,54.28,ABEE AGDM,3010010,2023-10-02 11:00,2023,10,2,11:00,6.9,,5.8,,92,,0,,16,,9,,,,,M,,,,,NA
-112.97,54.28,ABEE AGDM,3010010,2023-10-02 12:00,2023,10,2,12:00,7.9,,6.3,,90,,0,,21,,4,,,,,M,,,,,NA
-112.97,54.28,ABEE AGDM,3010010,2023-10-02 13:00,2023,10,2,13:00,8.9,,6.6,,86,,0,,21,,7,,,,,M,,,,,NA
-112.97,54.28,ABEE AGDM,3010010,2023-10-02 14:00,2023,10,2,14:00,9.3,,7.2,,87,,0,,22,,9,,,,,M,,,,,NA
-112.97,54.28,ABEE AGDM,3010010,2023-10-02 15:00,2023,10,2,15:00,11.6,,8.6,,81,,0,,21,,11,,,,,M,,,,,NA
-112.97,54.28,ABEE AGDM,3010010,2023-10-02 16:00,2023,10,2,16:00,11.1,,8.4,,83,,0,,21,,10,,,,,M,,,,,NA
-112.97,54.28,ABEE AGDM,3010010,2023-10-02 17:00,2023,10,2,17:00,11.1,,8.8,,86,,0,,20,,5,,,,,M,,,,,NA
-112.97,54.28,ABEE AGDM,3010010,2023-10-02 18:00,2023,10,2,18:00,10.2,,8.2,,88,,0,,20,,7,,,,,M,,,,,NA
-112.97,54.28,ABEE AGDM,3010010,2023-10-02 19:00,2023,10,2,19:00,9.3,,7.9,,91,,0,,20,,6,,,,,M,,,,,NA
-112.97,54.28,ABEE AGDM,3010010,2023-10-02 20:00,2023,10,2,20:00,7.4,,6.6,,95,,0,,23,,7,,,,,M,,,,,NA
-112.97,54.28,ABEE AGDM,3010010,2023-10-02 21:00,2023,10,2,21:00,4.4,,3.9,,97,,0,,25,,7,,,,,M,,,,,NA
-112.97,54.28,ABEE AGDM,3010010,2023-10-02 22:00,2023,10,2,22:00,3.9,,3.6,,98,,0,,25,,7,,,,,M,,,,,NA
-112.97,54.28,ABEE AGDM,3010010,2023-10-02 23:00,2023,10,2,23:00,5.3,,5.1,,99,,0,,25,,6,,,,,M,,,,,NA
-112.97,54.28,ABEE AGDM,3010010,2023-10-03 0:00,2023,10,3,0:00,3.9,,3.7,,99,,0,,31,,3,,,,,M,,,,,NA
-112.97,54.28,ABEE AGDM,3010010,2023-10-03 1:00,2023,10,3,1:00,6.2,,5.9,,98,,0,,27,,10,,,,,M,,,,,NA
-112.97,54.28,ABEE AGDM,3010010,2023-10-03 2:00,2023,10,3,2:00,6.6,,5,,90,,0,,35,,8,,,,,M,,,,,NA
-112.97,54.28,ABEE AGDM,3010010,2023-10-03 3:00,2023,10,3,3:00,5.8,,4.9,,94,,0,,29,,4,,,,,M,,,,,NA
-112.97,54.28,ABEE AGDM,3010010,2023-10-03 4:00,2023,10,3,4:00,4.7,,3.8,,94,,0,,28,,4,,,,,M,,,,,NA
-112.97,54.28,ABEE AGDM,3010010,2023-10-03 5:00,2023,10,3,5:00,4.1,,3.3,,95,,0,,28,,8,,,,,M,,,,,NA
-112.97,54.28,ABEE AGDM,3010010,2023-10-03 6:00,2023,10,3,6:00,3.8,,2.9,,94,,0,,29,,7,,,,,M,,,,,NA
-112.97,54.28,ABEE AGDM,3010010,2023-10-03 7:00,2023,10,3,7:00,3.3,,2.5,,95,,0,,31,,6,,,,,M,,,,,NA
-112.97,54.28,ABEE AGDM,3010010,2023-10-03 8:00,2023,10,3,8:00,5.9,,4.1,,88,,0,,32,,9,,,,,M,,,,,NA
-112.97,54.28,ABEE AGDM,3010010,2023-10-03 9:00,2023,10,3,9:00,8.1,,4.6,,79,,0,,29,,10,,,,,M,,,,,NA
-112.97,54.28,ABEE AGDM,3010010,2023-10-03 10:00,2023,10,3,10:00,9.7,,4.1,,68,,0,,30,,12,,,,,M,,,,,NA
-112.97,54.28,ABEE AGDM,3010010,2023-10-03 11:00,2023,10,3,11:00,11.1,,4.1,,62,,0,,30,,12,,,,,M,,,,,NA
-112.97,54.28,ABEE AGDM,3010010,2023-10-03 12:00,2023,10,3,12:00,12.8,,3.7,,54,,0,,29,,11,,,,,M,,,,,NA
-112.97,54.28,ABEE AGDM,3010010,2023-10-03 13:00,2023,10,3,13:00,14,,3.2,,48,,0,,28,,12,,,,,M,,,,,NA
-112.97,54.28,ABEE AGDM,3010010,2023-10-03 14:00,2023,10,3,14:00,14.7,,2,,42,,0,,27,,11,,,,,M,,,,,NA
-112.97,54.28,ABEE AGDM,3010010,2023-10-03 15:00,2023,10,3,15:00,14.6,,2.2,,43,,0,,33,,12,,,,,M,,,,,NA
-112.97,54.28,ABEE AGDM,3010010,2023-10-03 16:00,2023,10,3,16:00,14.8,,2,,42,,0,,31,,13,,,,,M,,,,,NA
-112.97,54.28,ABEE AGDM,3010010,2023-10-03 17:00,2023,10,3,17:00,13.9,,2.4,,46,,0,,24,,10,,,,,M,,,,,NA
-112.97,54.28,ABEE AGDM,3010010,2023-10-03 18:00,2023,10,3,18:00,7.7,,1.1,,63,,0,,23,,7,,,,,M,,,,,NA
-112.97,54.28,ABEE AGDM,3010010,2023-10-03 19:00,2023,10,3,19:00,4.5,,0.6,,76,,0,,21,,8,,,,,M,,,,,NA
-112.97,54.28,ABEE AGDM,3010010,2023-10-03 20:00,2023,10,3,20:00,3,,0.1,,81,,0,,22,,8,,,,,M,,,,,NA
-112.97,54.28,ABEE AGDM,3010010,2023-10-03 21:00,2023,10,3,21:00,1.6,,-0.8,,84,,0,,23,,9,,,,,M,,,,,NA
-112.97,54.28,ABEE AGDM,3010010,2023-10-03 22:00,2023,10,3,22:00,2.7,,0.5,,86,,0,,22,,8,,,,,M,,,,,NA
-112.97,54.28,ABEE AGDM,3010010,2023-10-03 23:00,2023,10,3,23:00,7.8,,2.6,,70,,0,,29,,7,,,,,M,,,,,NA
-112.97,54.28,ABEE AGDM,3010010,2023-10-04 0:00,2023,10,4,0:00,7.5,,4.2,,79,,0,,29,,5,,,,,M,,,,,NA
-112.97,54.28,ABEE AGDM,3010010,2023-10-04 1:00,2023,10,4,1:00,6.8,,5.1,,89,,1.3,,28,,8,,,,,M,,,,,NA
-112.97,54.28,ABEE AGDM,3010010,2023-10-04 2:00,2023,10,4,2:00,4.8,,4.1,,95,,0,,23,,6,,,,,M,,,,,NA
-112.97,54.28,ABEE AGDM,3010010,2023-10-04 3:00,2023,10,4,3:00,5.7,,5.2,,97,,0,,25,,12,,,,,M,,,,,NA
-112.97,54.28,ABEE AGDM,3010010,2023-10-04 4:00,2023,10,4,4:00,4.8,,4.3,,96,,0,,25,,8,,,,,M,,,,,NA
-112.97,54.28,ABEE AGDM,3010010,2023-10-04 5:00,2023,10,4,5:00,5.2,,4.5,,95,,0,,27,,12,,,,,M,,,,,NA
-112.97,54.28,ABEE AGDM,3010010,2023-10-04 6:00,2023,10,4,6:00,5.6,,4.3,,91,,0,,28,,14,,,,,M,,,,,NA
-112.97,54.28,ABEE AGDM,3010010,2023-10-04 7:00,2023,10,4,7:00,5.4,,3.9,,90,,0,,29,,14,,,,,M,,,,,NA
-112.97,54.28,ABEE AGDM,3010010,2023-10-04 8:00,2023,10,4,8:00,6,,4.1,,87,,0,,30,,16,,,,,M,,,,,NA
-112.97,54.28,ABEE AGDM,3010010,2023-10-04 9:00,2023,10,4,9:00,7.9,,4.1,,77,,0,,30,,20,,,,,M,,,,,NA
-112.97,54.28,ABEE AGDM,3010010,2023-10-04 10:00,2023,10,4,10:00,8.8,,3.8,,71,,0,,31,,28,,,,,M,,,,,NA
-112.97,54.28,ABEE AGDM,3010010,2023-10-04 11:00,2023,10,4,11:00,10.1,,4,,66,,0,,32,,24,,,,,M,,,,,NA
-112.97,54.28,ABEE AGDM,3010010,2023-10-04 12:00,2023,10,4,12:00,10.9,,2.1,,55,,0,,32,,28,,,,,M,,,,,NA
-112.97,54.28,ABEE AGDM,3010010,2023-10-04 13:00,2023,10,4,13:00,12.4,,0.8,,45,,0,,32,,30,,,,,M,,,,,NA
-112.97,54.28,ABEE AGDM,3010010,2023-10-04 14:00,2023,10,4,14:00,11,,1,,50,,0,,32,,26,,,,,M,,,,,NA
-112.97,54.28,ABEE AGDM,3010010,2023-10-04 15:00,2023,10,4,15:00,11,,1.3,,51,,0,,33,,32,,,,,M,,,,,NA
-112.97,54.28,ABEE AGDM,3010010,2023-10-04 16:00,2023,10,4,16:00,10.6,,0.6,,50,,0,,32,,24,,,,,M,,,,,NA
-112.97,54.28,ABEE AGDM,3010010,2023-10-04 17:00,2023,10,4,17:00,10.4,,0.8,,51,,0,,35,,24,,,,,M,,,,,NA
-112.97,54.28,ABEE AGDM,3010010,2023-10-04 18:00,2023,10,4,18:00,8.6,,0.9,,58,,0,,34,,21,,,,,M,,,,,NA
-112.97,54.28,ABEE AGDM,3010010,2023-10-04 19:00,2023,10,4,19:00,5.8,,0.1,,67,,0,,34,,7,,,,,M,,,,,NA
-112.97,54.28,ABEE AGDM,3010010,2023-10-04 20:00,2023,10,4,20:00,3.1,,-0.6,,77,,0,,28,,4,,,,,M,,,,,NA
-112.97,54.28,ABEE AGDM,3010010,2023-10-04 21:00,2023,10,4,21:00,4.4,,-0.2,,72,,0,,33,,8,,,,,M,,,,,NA
-112.97,54.28,ABEE AGDM,3010010,2023-10-04 22:00,2023,10,4,22:00,2.1,,-1,,79,,0,,32,,7,,,,,M,,,,,NA
-112.97,54.28,ABEE AGDM,3010010,2023-10-04 23:00,2023,10,4,23:00,2,,-1.3,,79,,0,,34,,10,,,,,M,,,,,NA
-112.97,54.28,ABEE AGDM,3010010,2023-10-05 0:00,2023,10,5,0:00,3.3,,-1.9,,68,,0,,33,,17,,,,,M,,,,,NA
-112.97,54.28,ABEE AGDM,3010010,2023-10-05 1:00,2023,10,5,1:00,3.8,,-2.8,,62,,0,,32,,19,,,,,M,,,,,NA
-112.97,54.28,ABEE AGDM,3010010,2023-10-05 2:00,2023,10,5,2:00,3.3,,-3,,63,,0,,33,,23,,,,,M,,,,,NA
-112.97,54.28,ABEE AGDM,3010010,2023-10-05 3:00,2023,10,5,3:00,2.9,,-2.9,,65,,0,,32,,20,,,,,M,,,,,NA
-112.97,54.28,ABEE AGDM,3010010,2023-10-05 4:00,2023,10,5,4:00,2.9,,-3.4,,63,,0,,32,,22,,,,,M,,,,,NA
-112.97,54.28,ABEE AGDM,3010010,2023-10-05 5:00,2023,10,5,5:00,2.4,,-4.6,,60,,0,,32,,21,,,,,M,,,,,NA
-112.97,54.28,ABEE AGDM,3010010,2023-10-05 6:00,2023,10,5,6:00,1.4,,-5.7,,59,,0,,32,,19,,,,,M,,,,,NA
-112.97,54.28,ABEE AGDM,3010010,2023-10-05 7:00,2023,10,5,7:00,1,,-6.5,,57,,0,,31,,21,,,,,M,,,,,NA
-112.97,54.28,ABEE AGDM,3010010,2023-10-05 8:00,2023,10,5,8:00,1.8,,-6.7,,53,,0,,31,,25,,,,,M,,,,,NA
-112.97,54.28,ABEE AGDM,3010010,2023-10-05 9:00,2023,10,5,9:00,2.9,,-7.7,,46,,0,,32,,28,,,,,M,,,,,NA
-112.97,54.28,ABEE AGDM,3010010,2023-10-05 10:00,2023,10,5,10:00,3.7,,-9.4,,38,,0,,32,,35,,,,,M,,,,,NA
-112.97,54.28,ABEE AGDM,3010010,2023-10-05 11:00,2023,10,5,11:00,4.2,,-10.6,,33,,0,,32,,36,,,,,M,,,,,NA
-112.97,54.28,ABEE AGDM,3010010,2023-10-05 12:00,2023,10,5,12:00,4.7,,-10.2,,33,,0,,33,,34,,,,,M,,,,,NA
-112.97,54.28,ABEE AGDM,3010010,2023-10-05 13:00,2023,10,5,13:00,4.8,,-10.4,,32,,0,,33,,30,,,,,M,,,,,NA
-112.97,54.28,ABEE AGDM,3010010,2023-10-05 14:00,2023,10,5,14:00,4.9,,-10.7,,31,,0,,33,,32,,,,,M,,,,,NA
-112.97,54.28,ABEE AGDM,3010010,2023-10-05 15:00,2023,10,5,15:00,4.8,,-10.4,,32,,0,,32,,26,,,,,M,,,,,NA
-112.97,54.28,ABEE AGDM,3010010,2023-10-05 16:00,2023,10,5,16:00,5.2,,-10.2,,32,,0,,31,,24,,,,,M,,,,,NA
-112.97,54.28,ABEE AGDM,3010010,2023-10-05 17:00,2023,10,5,17:00,4.6,,-9.4,,35,,0,,33,,17,,,,,M,,,,,NA
-112.97,54.28,ABEE AGDM,3010010,2023-10-05 18:00,2023,10,5,18:00,1.8,,-9.8,,42,,0,,31,,5,,,,,M,,,,,NA
-112.97,54.28,ABEE AGDM,3010010,2023-10-05 19:00,2023,10,5,19:00,-1.7,,-6.9,,68,,0,,28,,3,,,,,M,,,-3,,NA
-112.97,54.28,ABEE AGDM,3010010,2023-10-05 20:00,2023,10,5,20:00,-4.8,,-9.8,,68,,0,,19,,3,,,,,M,,,-6,,NA
-112.97,54.28,ABEE AGDM,3010010,2023-10-05 21:00,2023,10,5,21:00,-5,,-8.1,,78,,0,,27,,1,,,,,M,,,-5,,NA
-112.97,54.28,ABEE AGDM,3010010,2023-10-05 22:00,2023,10,5,22:00,-7.5,,-10.3,,81,,0,,22,,2,,,,,M,,,-9,,NA
-112.97,54.28,ABEE AGDM,3010010,2023-10-05 23:00,2023,10,5,23:00,-8.8,,-11.6,,80,,0,,17,,5,,,,,M,,,-12,,NA
-112.97,54.28,ABEE AGDM,3010010,2023-10-06 0:00,2023,10,6,0:00,-7.5,,-10.6,,78,,0,,20,,4,,,,,M,,,-10,,NA
-112.97,54.28,ABEE AGDM,3010010,2023-10-06 1:00,2023,10,6,1:00,-8.1,,-10.9,,81,,0,,16,,5,,,,,M,,,-11,,NA
-112.97,54.28,ABEE AGDM,3010010,2023-10-06 2:00,2023,10,6,2:00,-6.8,,-9.3,,82,,0.5,,15,,6,,,,,M,,,-10,,NA
-112.97,54.28,ABEE AGDM,3010010,2023-10-06 3:00,2023,10,6,3:00,-2.8,,-6.7,,75,,0,,15,,11,,,,,M,,,-7,,NA
-112.97,54.28,ABEE AGDM,3010010,2023-10-06 4:00,2023,10,6,4:00,-1.3,,-6.3,,69,,0,,17,,7,,,,,M,,,-4,,NA
-112.97,54.28,ABEE AGDM,3010010,2023-10-06 5:00,2023,10,6,5:00,0.3,,-6.5,,60,,0,,18,,11,,,,,M,,,,,NA
-112.97,54.28,ABEE AGDM,3010010,2023-10-06 6:00,2023,10,6,6:00,-1.1,,-6.9,,65,,0,,16,,11,,,,,M,,,-5,,NA
-112.97,54.28,ABEE AGDM,3010010,2023-10-06 7:00,2023,10,6,7:00,-3.9,,-7.3,,77,,0,,17,,8,,,,,M,,,-7,,NA
-112.97,54.28,ABEE AGDM,3010010,2023-10-06 8:00,2023,10,6,8:00,0.4,,-5.1,,66,,0,,18,,9,,,,,M,,,,,NA
-112.97,54.28,ABEE AGDM,3010010,2023-10-06 9:00,2023,10,6,9:00,4.7,,-3.4,,55,,0,,21,,16,,,,,M,,,,,NA
-112.97,54.28,ABEE AGDM,3010010,2023-10-06 10:00,2023,10,6,10:00,7.3,,-2.9,,48,,0,,23,,15,,,,,M,,,,,NA
-112.97,54.28,ABEE AGDM,3010010,2023-10-06 11:00,2023,10,6,11:00,10.8,,-0.8,,45,,0,,23,,18,,,,,M,,,,,NA
-112.97,54.28,ABEE AGDM,3010010,2023-10-06 12:00,2023,10,6,12:00,13.5,,1,,42,,0,,22,,20,,,,,M,,,,,NA
-112.97,54.28,ABEE AGDM,3010010,2023-10-06 13:00,2023,10,6,13:00,15.6,,2.7,,42,,0,,23,,18,,,,,M,,,,,NA
-112.97,54.28,ABEE AGDM,3010010,2023-10-06 14:00,2023,10,6,14:00,18.1,,4.5,,41,,0,,24,,21,,,,,M,,,,,NA
-112.97,54.28,ABEE AGDM,3010010,2023-10-06 15:00,2023,10,6,15:00,18,,4.6,,41,,0,,23,,18,,,,,M,,,,,NA
-112.97,54.28,ABEE AGDM,3010010,2023-10-06 16:00,2023,10,6,16:00,18.9,,5,,40,,0,,24,,16,,,,,M,,,,,NA
-112.97,54.28,ABEE AGDM,3010010,2023-10-06 17:00,2023,10,6,17:00,18.4,,5.2,,42,,0,,24,,13,,,,,M,,,,,NA
-112.97,54.28,ABEE AGDM,3010010,2023-10-06 18:00,2023,10,6,18:00,14.1,,4.2,,51,,,M,23,,12,,,,,M,,,,,NA
-112.97,54.28,ABEE AGDM,3010010,2023-10-06 19:00,2023,10,6,19:00,12.4,,4.2,,57,,0,,26,,7,,,,,M,,,,,NA
-112.97,54.28,ABEE AGDM,3010010,2023-10-06 20:00,2023,10,6,20:00,12.5,,4.5,,58,,0,,31,,9,,,,,M,,,,,NA
-112.97,54.28,ABEE AGDM,3010010,2023-10-06 21:00,2023,10,6,21:00,11.7,,3.9,,59,,0,,30,,4,,,,,M,,,,,NA
-112.97,54.28,ABEE AGDM,3010010,2023-10-06 22:00,2023,10,6,22:00,9.8,,3.4,,64,,0,,29,,4,,,,,M,,,,,NA
-112.97,54.28,ABEE AGDM,3010010,2023-10-06 23:00,2023,10,6,23:00,7.9,,3.1,,72,,0,,27,,7,,,,,M,,,,,NA
-112.97,54.28,ABEE AGDM,3010010,2023-10-07 0:00,2023,10,7,0:00,7.3,,3,,74,,0,,27,,8,,,,,M,,,,,NA
-112.97,54.28,ABEE AGDM,3010010,2023-10-07 1:00,2023,10,7,1:00,9.9,,3.4,,64,,0,,26,,9,,,,,M,,,,,NA
-112.97,54.28,ABEE AGDM,3010010,2023-10-07 2:00,2023,10,7,2:00,9.4,,3.7,,68,,0,,27,,10,,,,,M,,,,,NA
-112.97,54.28,ABEE AGDM,3010010,2023-10-07 3:00,2023,10,7,3:00,9.2,,3.4,,67,,0,,28,,8,,,,,M,,,,,NA
-112.97,54.28,ABEE AGDM,3010010,2023-10-07 4:00,2023,10,7,4:00,9,,3.5,,68,,0,,27,,10,,,,,M,,,,,NA
-112.97,54.28,ABEE AGDM,3010010,2023-10-07 5:00,2023,10,7,5:00,8.2,,3.1,,70,,0,,27,,8,,,,,M,,,,,NA
-112.97,54.28,ABEE AGDM,3010010,2023-10-07 6:00,2023,10,7,6:00,8.8,,3.5,,69,,0,,30,,6,,,,,M,,,,,NA
-112.97,54.28,ABEE AGDM,3010010,2023-10-07 7:00,2023,10,7,7:00,6.8,,2.9,,76,,0,,26,,8,,,,,M,,,,,NA
-112.97,54.28,ABEE AGDM,3010010,2023-10-07 8:00,2023,10,7,8:00,9.9,,4.3,,68,,0,,26,,7,,,,,M,,,,,NA
-112.97,54.28,ABEE AGDM,3010010,2023-10-07 9:00,2023,10,7,9:00,13.5,,5,,56,,0,,27,,9,,,,,M,,,,,NA
-112.97,54.28,ABEE AGDM,3010010,2023-10-07 10:00,2023,10,7,10:00,16.6,,5.2,,47,,0,,26,,15,,,,,M,,,,,NA
-112.97,54.28,ABEE AGDM,3010010,2023-10-07 11:00,2023,10,7,11:00,18.4,,5.2,,42,,0,,27,,18,,,,,M,,,,,NA
-112.97,54.28,ABEE AGDM,3010010,2023-10-07 12:00,2023,10,7,12:00,19.8,,5.5,,39,,0,,27,,16,,,,,M,,,,,NA
-112.97,54.28,ABEE AGDM,3010010,2023-10-07 13:00,2023,10,7,13:00,20.9,,5.7,,37,,0,,27,,15,,,,,M,,,,,NA
-112.97,54.28,ABEE AGDM,3010010,2023-10-07 14:00,2023,10,7,14:00,22.1,,5.2,,33,,0,,27,,12,,,,,M,,,,,NA
-112.97,54.28,ABEE AGDM,3010010,2023-10-07 15:00,2023,10,7,15:00,22.8,,4.1,,30,,0,,25,,11,,,,,M,,,,,NA
-112.97,54.28,ABEE AGDM,3010010,2023-10-07 16:00,2023,10,7,16:00,23.1,,4.4,,30,,0,,23,,7,,,,,M,,,,,NA
-112.97,54.28,ABEE AGDM,3010010,2023-10-07 17:00,2023,10,7,17:00,21.8,,4.4,,32,,0,,24,,7,,,,,M,,,,,NA
-112.97,54.28,ABEE AGDM,3010010,2023-10-07 18:00,2023,10,7,18:00,14.3,,4.2,,51,,0,,16,,8,,,,,M,,,,,NA
-112.97,54.28,ABEE AGDM,3010010,2023-10-07 19:00,2023,10,7,19:00,10.1,,2.9,,61,,0,,15,,6,,,,,M,,,,,NA
-112.97,54.28,ABEE AGDM,3010010,2023-10-07 20:00,2023,10,7,20:00,6.8,,3.1,,77,,0,,14,,6,,,,,M,,,,,NA
-112.97,54.28,ABEE AGDM,3010010,2023-10-07 21:00,2023,10,7,21:00,6.3,,2.3,,76,,0,,10,,7,,,,,M,,,,,NA
-112.97,54.28,ABEE AGDM,3010010,2023-10-07 22:00,2023,10,7,22:00,7.3,,2.3,,70,,0,,12,,7,,,,,M,,,,,NA
-112.97,54.28,ABEE AGDM,3010010,2023-10-07 23:00,2023,10,7,23:00,9.3,,3.2,,65,,0,,13,,9,,,,,M,,,,,NA
-112.97,54.28,ABEE AGDM,3010010,2023-10-08 0:00,2023,10,8,0:00,8.9,,3.5,,69,,0,,13,,11,,,,,M,,,,,NA
-112.97,54.28,ABEE AGDM,3010010,2023-10-08 1:00,2023,10,8,1:00,8.5,,3.3,,70,,0,,13,,11,,,,,M,,,,,NA
-112.97,54.28,ABEE AGDM,3010010,2023-10-08 2:00,2023,10,8,2:00,7.6,,2.9,,72,,0,,13,,11,,,,,M,,,,,NA
-112.97,54.28,ABEE AGDM,3010010,2023-10-08 3:00,2023,10,8,3:00,6.3,,2.4,,76,,0,,12,,10,,,,,M,,,,,NA
-112.97,54.28,ABEE AGDM,3010010,2023-10-08 4:00,2023,10,8,4:00,5.9,,1.8,,75,,0,,13,,9,,,,,M,,,,,NA
-112.97,54.28,ABEE AGDM,3010010,2023-10-08 5:00,2023,10,8,5:00,5.8,,2,,77,,0,,14,,13,,,,,M,,,,,NA
-112.97,54.28,ABEE AGDM,3010010,2023-10-08 6:00,2023,10,8,6:00,6.3,,2.3,,75,,0,,13,,12,,,,,M,,,,,NA
-112.97,54.28,ABEE AGDM,3010010,2023-10-08 7:00,2023,10,8,7:00,4.8,,1.5,,79,,0,,16,,9,,,,,M,,,,,NA
-112.97,54.28,ABEE AGDM,3010010,2023-10-08 8:00,2023,10,8,8:00,6.8,,2.8,,75,,0,,13,,12,,,,,M,,,,,NA
-112.97,54.28,ABEE AGDM,3010010,2023-10-08 9:00,2023,10,8,9:00,9.6,,3.4,,65,,0,,14,,15,,,,,M,,,,,NA
-112.97,54.28,ABEE AGDM,3010010,2023-10-08 10:00,2023,10,8,10:00,12.1,,3.9,,57,,0,,15,,16,,,,,M,,,,,NA
-112.97,54.28,ABEE AGDM,3010010,2023-10-08 11:00,2023,10,8,11:00,14.4,,4.5,,51,,0,,15,,13,,,,,M,,,,,NA
-112.97,54.28,ABEE AGDM,3010010,2023-10-08 12:00,2023,10,8,12:00,16.7,,4.4,,44,,0,,14,,16,,,,,M,,,,,NA
-112.97,54.28,ABEE AGDM,3010010,2023-10-08 13:00,2023,10,8,13:00,18.6,,3.6,,37,,0,,14,,17,,,,,M,,,,,NA
-112.97,54.28,ABEE AGDM,3010010,2023-10-08 14:00,2023,10,8,14:00,20,,3.2,,33,,0,,15,,16,,,,,M,,,,,NA
-112.97,54.28,ABEE AGDM,3010010,2023-10-08 15:00,2023,10,8,15:00,20.2,,3.9,,34,,0,,16,,13,,,,,M,,,,,NA
-112.97,54.28,ABEE AGDM,3010010,2023-10-08 16:00,2023,10,8,16:00,20.1,,3.3,,33,,0,,15,,10,,,,,M,,,,,NA
-112.97,54.28,ABEE AGDM,3010010,2023-10-08 17:00,2023,10,8,17:00,19.1,,4.2,,37,,0,,17,,4,,,,,M,,,,,NA
-112.97,54.28,ABEE AGDM,3010010,2023-10-08 18:00,2023,10,8,18:00,12.7,,3.5,,53,,0,,16,,4,,,,,M,,,,,NA
-112.97,54.28,ABEE AGDM,3010010,2023-10-08 19:00,2023,10,8,19:00,6.8,,1,,67,,0,,10,,9,,,,,M,,,,,NA
-112.97,54.28,ABEE AGDM,3010010,2023-10-08 20:00,2023,10,8,20:00,6.3,,3.6,,83,,0,,9,,4,,,,,M,,,,,NA
-112.97,54.28,ABEE AGDM,3010010,2023-10-08 21:00,2023,10,8,21:00,5.7,,1.3,,73,,0,,10,,10,,,,,M,,,,,NA
-112.97,54.28,ABEE AGDM,3010010,2023-10-08 22:00,2023,10,8,22:00,3.4,,0.6,,82,,0,,14,,4,,,,,M,,,,,NA
-112.97,54.28,ABEE AGDM,3010010,2023-10-08 23:00,2023,10,8,23:00,3.2,,1.7,,90,,0,,8,,6,,,,,M,,,,,NA
-112.97,54.28,ABEE AGDM,3010010,2023-10-09 0:00,2023,10,9,0:00,3.7,,1,,83,,0,,13,,6,,,,,M,,,,,NA
-112.97,54.28,ABEE AGDM,3010010,2023-10-09 1:00,2023,10,9,1:00,5.4,,0.9,,73,,0,,11,,7,,,,,M,,,,,NA
-112.97,54.28,ABEE AGDM,3010010,2023-10-09 2:00,2023,10,9,2:00,5.7,,0.3,,68,,0,,11,,11,,,,,M,,,,,NA
-112.97,54.28,ABEE AGDM,3010010,2023-10-09 3:00,2023,10,9,3:00,5.1,,0.4,,72,,0,,13,,10,,,,,M,,,,,NA
-112.97,54.28,ABEE AGDM,3010010,2023-10-09 4:00,2023,10,9,4:00,5.6,,1.1,,73,,0,,11,,12,,,,,M,,,,,NA
-112.97,54.28,ABEE AGDM,3010010,2023-10-09 5:00,2023,10,9,5:00,6.2,,1.6,,72,,0,,13,,11,,,,,M,,,,,NA
-112.97,54.28,ABEE AGDM,3010010,2023-10-09 6:00,2023,10,9,6:00,5.2,,2.1,,80,,0,,13,,12,,,,,M,,,,,NA
-112.97,54.28,ABEE AGDM,3010010,2023-10-09 7:00,2023,10,9,7:00,4.9,,2,,81,,0,,14,,11,,,,,M,,,,,NA
-112.97,54.28,ABEE AGDM,3010010,2023-10-09 8:00,2023,10,9,8:00,6.9,,2.8,,75,,0,,13,,12,,,,,M,,,,,NA
-112.97,54.28,ABEE AGDM,3010010,2023-10-09 9:00,2023,10,9,9:00,9.1,,3.6,,69,,0,,13,,17,,,,,M,,,,,NA
-112.97,54.28,ABEE AGDM,3010010,2023-10-09 10:00,2023,10,9,10:00,11.6,,4,,60,,0,,13,,15,,,,,M,,,,,NA
-112.97,54.28,ABEE AGDM,3010010,2023-10-09 11:00,2023,10,9,11:00,14.7,,5,,52,,0,,14,,14,,,,,M,,,,,NA
-112.97,54.28,ABEE AGDM,3010010,2023-10-09 12:00,2023,10,9,12:00,17.7,,4.9,,43,,0,,14,,17,,,,,M,,,,,NA
-112.97,54.28,ABEE AGDM,3010010,2023-10-09 13:00,2023,10,9,13:00,19.2,,5.1,,40,,0,,13,,17,,,,,M,,,,,NA
-112.97,54.28,ABEE AGDM,3010010,2023-10-09 14:00,2023,10,9,14:00,20.7,,5.5,,37,,0,,13,,18,,,,,M,,,,,NA
-112.97,54.28,ABEE AGDM,3010010,2023-10-09 15:00,2023,10,9,15:00,22,,5.7,,35,,0,,14,,18,,,,,M,,,,,NA
-112.97,54.28,ABEE AGDM,3010010,2023-10-09 16:00,2023,10,9,16:00,21.7,,5.7,,35,,0,,15,,18,,,,,M,,,,,NA
-112.97,54.28,ABEE AGDM,3010010,2023-10-09 17:00,2023,10,9,17:00,18.6,,5.8,,43,,0,,12,,13,,,,,M,,,,,NA
-112.97,54.28,ABEE AGDM,3010010,2023-10-09 18:00,2023,10,9,18:00,15.9,,5.4,,50,,0,,12,,12,,,,,M,,,,,NA
-112.97,54.28,ABEE AGDM,3010010,2023-10-09 19:00,2023,10,9,19:00,13.6,,5.2,,57,,0,,12,,11,,,,,M,,,,,NA
-112.97,54.28,ABEE AGDM,3010010,2023-10-09 20:00,2023,10,9,20:00,12.4,,5,,60,,0,,12,,9,,,,,M,,,,,NA
-112.97,54.28,ABEE AGDM,3010010,2023-10-09 21:00,2023,10,9,21:00,9.7,,4.6,,71,,0,,11,,7,,,,,M,,,,,NA
-112.97,54.28,ABEE AGDM,3010010,2023-10-09 22:00,2023,10,9,22:00,8,,4.3,,78,,0,,12,,6,,,,,M,,,,,NA
-112.97,54.28,ABEE AGDM,3010010,2023-10-09 23:00,2023,10,9,23:00,8.1,,4.5,,78,,0,,11,,7,,,,,M,,,,,NA
-112.97,54.28,ABEE AGDM,3010010,2023-10-10 0:00,2023,10,10,0:00,8.6,,4.5,,76,,0,,11,,10,,,,,M,,,,,NA
-112.97,54.28,ABEE AGDM,3010010,2023-10-10 1:00,2023,10,10,1:00,7.6,,4.3,,80,,0,,11,,10,,,,,M,,,,,NA
-112.97,54.28,ABEE AGDM,3010010,2023-10-10 2:00,2023,10,10,2:00,6.7,,3.4,,80,,0,,12,,8,,,,,M,,,,,NA
-112.97,54.28,ABEE AGDM,3010010,2023-10-10 3:00,2023,10,10,3:00,6.5,,3.6,,82,,0,,11,,9,,,,,M,,,,,NA
-112.97,54.28,ABEE AGDM,3010010,2023-10-10 4:00,2023,10,10,4:00,6.1,,3.6,,84,,0,,11,,8,,,,,M,,,,,NA
-112.97,54.28,ABEE AGDM,3010010,2023-10-10 5:00,2023,10,10,5:00,5.6,,3.4,,86,,0,,12,,9,,,,,M,,,,,NA
-112.97,54.28,ABEE AGDM,3010010,2023-10-10 6:00,2023,10,10,6:00,6.9,,4.1,,82,,0,,13,,17,,,,,M,,,,,NA
-112.97,54.28,ABEE AGDM,3010010,2023-10-10 7:00,2023,10,10,7:00,6.3,,3.7,,84,,0,,13,,14,,,,,M,,,,,NA
-112.97,54.28,ABEE AGDM,3010010,2023-10-10 8:00,2023,10,10,8:00,7.4,,4.1,,79,,0,,13,,17,,,,,M,,,,,NA
-112.97,54.28,ABEE AGDM,3010010,2023-10-10 9:00,2023,10,10,9:00,9.8,,4.6,,70,,0,,14,,17,,,,,M,,,,,NA
-112.97,54.28,ABEE AGDM,3010010,2023-10-10 10:00,2023,10,10,10:00,12.6,,5.5,,62,,0,,13,,15,,,,,M,,,,,NA
-112.97,54.28,ABEE AGDM,3010010,2023-10-10 11:00,2023,10,10,11:00,14.9,,5.9,,55,,0,,13,,24,,,,,M,,,,,NA
-112.97,54.28,ABEE AGDM,3010010,2023-10-10 12:00,2023,10,10,12:00,17,,6.1,,49,,0,,13,,24,,,,,M,,,,,NA
-112.97,54.28,ABEE AGDM,3010010,2023-10-10 13:00,2023,10,10,13:00,20,,6.2,,40,,0,,15,,23,,,,,M,,,,,NA
-112.97,54.28,ABEE AGDM,3010010,2023-10-10 14:00,2023,10,10,14:00,20.3,,5.6,,38,,0,,15,,27,,,,,M,,,,,NA
-112.97,54.28,ABEE AGDM,3010010,2023-10-10 15:00,2023,10,10,15:00,21.5,,5.1,,34,,0,,15,,21,,,,,M,,,,,NA
-112.97,54.28,ABEE AGDM,3010010,2023-10-10 16:00,2023,10,10,16:00,21.2,,5.5,,36,,0,,15,,17,,,,,M,,,,,NA
-112.97,54.28,ABEE AGDM,3010010,2023-10-10 17:00,2023,10,10,17:00,19.4,,5.7,,41,,0,,14,,9,,,,,M,,,,,NA
-112.97,54.28,ABEE AGDM,3010010,2023-10-10 18:00,2023,10,10,18:00,16.2,,5.4,,49,,0,,13,,9,,,,,M,,,,,NA
-112.97,54.28,ABEE AGDM,3010010,2023-10-10 19:00,2023,10,10,19:00,14.6,,5.6,,55,,0,,9,,6,,,,,M,,,,,NA
-112.97,54.28,ABEE AGDM,3010010,2023-10-10 20:00,2023,10,10,20:00,16.9,,6,,49,,0,,11,,18,,,,,M,,,,,NA
-112.97,54.28,ABEE AGDM,3010010,2023-10-10 21:00,2023,10,10,21:00,15.5,,5.9,,53,,0,,12,,21,,,,,M,,,,,NA
-112.97,54.28,ABEE AGDM,3010010,2023-10-10 22:00,2023,10,10,22:00,15,,5.9,,54,,0,,13,,25,,,,,M,,,,,NA
-112.97,54.28,ABEE AGDM,3010010,2023-10-10 23:00,2023,10,10,23:00,13.8,,5.7,,58,,0,,13,,23,,,,,M,,,,,NA
-112.97,54.28,ABEE AGDM,3010010,2023-10-11 0:00,2023,10,11,0:00,12.1,,5.4,,63,,0,,12,,16,,,,,M,,,,,NA
-112.97,54.28,ABEE AGDM,3010010,2023-10-11 1:00,2023,10,11,1:00,12,,5.3,,64,,0,,12,,18,,,,,M,,,,,NA
-112.97,54.28,ABEE AGDM,3010010,2023-10-11 2:00,2023,10,11,2:00,11.6,,5.1,,65,,0,,12,,21,,,,,M,,,,,NA
-112.97,54.28,ABEE AGDM,3010010,2023-10-11 3:00,2023,10,11,3:00,10.5,,5,,69,,0,,11,,12,,,,,M,,,,,NA
-112.97,54.28,ABEE AGDM,3010010,2023-10-11 4:00,2023,10,11,4:00,10.1,,5,,71,,0,,11,,13,,,,,M,,,,,NA
-112.97,54.28,ABEE AGDM,3010010,2023-10-11 5:00,2023,10,11,5:00,9.3,,4.8,,73,,0,,10,,14,,,,,M,,,,,NA
-112.97,54.28,ABEE AGDM,3010010,2023-10-11 6:00,2023,10,11,6:00,8.8,,4.6,,75,,0,,11,,19,,,,,M,,,,,NA
-112.97,54.28,ABEE AGDM,3010010,2023-10-11 7:00,2023,10,11,7:00,7.8,,4.3,,78,,0,,11,,18,,,,,M,,,,,NA
-112.97,54.28,ABEE AGDM,3010010,2023-10-11 8:00,2023,10,11,8:00,7.9,,4.2,,78,,0,,11,,21,,,,,M,,,,,NA
-112.97,54.28,ABEE AGDM,3010010,2023-10-11 9:00,2023,10,11,9:00,8.2,,4,,75,,0,,12,,17,,,,,M,,,,,NA
-112.97,54.28,ABEE AGDM,3010010,2023-10-11 10:00,2023,10,11,10:00,10.4,,4.2,,65,,0,,12,,19,,,,,M,,,,,NA
-112.97,54.28,ABEE AGDM,3010010,2023-10-11 11:00,2023,10,11,11:00,11,,4.3,,63,,0,,12,,16,,,,,M,,,,,NA
-112.97,54.28,ABEE AGDM,3010010,2023-10-11 12:00,2023,10,11,12:00,12.3,,4.3,,58,,0,,13,,21,,,,,M,,,,,NA
-112.97,54.28,ABEE AGDM,3010010,2023-10-11 13:00,2023,10,11,13:00,12.5,,5.2,,61,,0,,13,,16,,,,,M,,,,,NA
-112.97,54.28,ABEE AGDM,3010010,2023-10-11 14:00,2023,10,11,14:00,13.9,,4.9,,55,,0,,11,,16,,,,,M,,,,,NA
-112.97,54.28,ABEE AGDM,3010010,2023-10-11 15:00,2023,10,11,15:00,14.8,,4.6,,50,,0,,13,,19,,,,,M,,,,,NA
-112.97,54.28,ABEE AGDM,3010010,2023-10-11 16:00,2023,10,11,16:00,14.6,,4.3,,50,,0,,13,,21,,,,,M,,,,,NA
-112.97,54.28,ABEE AGDM,3010010,2023-10-11 17:00,2023,10,11,17:00,13.9,,4.1,,52,,0,,14,,16,,,,,M,,,,,NA
-112.97,54.28,ABEE AGDM,3010010,2023-10-11 18:00,2023,10,11,18:00,9.7,,3.8,,67,,0,,10,,6,,,,,M,,,,,NA
-112.97,54.28,ABEE AGDM,3010010,2023-10-11 19:00,2023,10,11,19:00,7.2,,3,,74,,0,,10,,7,,,,,M,,,,,NA
-112.97,54.28,ABEE AGDM,3010010,2023-10-11 20:00,2023,10,11,20:00,6.7,,3.5,,80,,0,,12,,7,,,,,M,,,,,NA
-112.97,54.28,ABEE AGDM,3010010,2023-10-11 21:00,2023,10,11,21:00,8.3,,2.6,,67,,0,,12,,10,,,,,M,,,,,NA
-112.97,54.28,ABEE AGDM,3010010,2023-10-11 22:00,2023,10,11,22:00,7.6,,1.4,,65,,0,,13,,10,,,,,M,,,,,NA
-112.97,54.28,ABEE AGDM,3010010,2023-10-11 23:00,2023,10,11,23:00,7.4,,0.3,,61,,0,,12,,9,,,,,M,,,,,NA
-112.97,54.28,ABEE AGDM,3010010,2023-10-12 0:00,2023,10,12,0:00,6.6,,-1,,58,,0,,12,,10,,,,,M,,,,,NA
-112.97,54.28,ABEE AGDM,3010010,2023-10-12 1:00,2023,10,12,1:00,5.3,,-2.2,,58,,0,,13,,10,,,,,M,,,,,NA
-112.97,54.28,ABEE AGDM,3010010,2023-10-12 2:00,2023,10,12,2:00,4.6,,-2.7,,59,,0,,13,,9,,,,,M,,,,,NA
-112.97,54.28,ABEE AGDM,3010010,2023-10-12 3:00,2023,10,12,3:00,2,,-2.5,,72,,0,,11,,4,,,,,M,,,,,NA
-112.97,54.28,ABEE AGDM,3010010,2023-10-12 4:00,2023,10,12,4:00,1.6,,-3.3,,70,,0,,12,,9,,,,,M,,,,,NA
-112.97,54.28,ABEE AGDM,3010010,2023-10-12 5:00,2023,10,12,5:00,1.3,,-2.6,,75,,0,,14,,6,,,,,M,,,,,NA
-112.97,54.28,ABEE AGDM,3010010,2023-10-12 6:00,2023,10,12,6:00,1.1,,-1.8,,81,,0,,12,,7,,,,,M,,,,,NA
-112.97,54.28,ABEE AGDM,3010010,2023-10-12 7:00,2023,10,12,7:00,0.8,,-1.1,,87,,0,,13,,8,,,,,M,,,,,NA
-112.97,54.28,ABEE AGDM,3010010,2023-10-12 8:00,2023,10,12,8:00,1.7,,0.6,,92,,0,,14,,2,,,,,M,,,,,NA
-112.97,54.28,ABEE AGDM,3010010,2023-10-12 9:00,2023,10,12,9:00,6,,2.8,,80,,0,,15,,13,,,,,M,,,,,NA
-112.97,54.28,ABEE AGDM,3010010,2023-10-12 10:00,2023,10,12,10:00,7.5,,2.5,,70,,0,,16,,15,,,,,M,,,,,NA
-112.97,54.28,ABEE AGDM,3010010,2023-10-12 11:00,2023,10,12,11:00,9.3,,2.4,,62,,0,,15,,14,,,,,M,,,,,NA
-112.97,54.28,ABEE AGDM,3010010,2023-10-12 12:00,2023,10,12,12:00,12.1,,3.4,,55,,0,,16,,16,,,,,M,,,,,NA
-112.97,54.28,ABEE AGDM,3010010,2023-10-12 13:00,2023,10,12,13:00,13.7,,4.3,,53,,0,,17,,17,,,,,M,,,,,NA
-112.97,54.28,ABEE AGDM,3010010,2023-10-12 14:00,2023,10,12,14:00,13.4,,4.2,,53,,0,,16,,17,,,,,M,,,,,NA
-112.97,54.28,ABEE AGDM,3010010,2023-10-12 15:00,2023,10,12,15:00,14.6,,4.1,,49,,0,,16,,14,,,,,M,,,,,NA
-112.97,54.28,ABEE AGDM,3010010,2023-10-12 16:00,2023,10,12,16:00,14.6,,4.4,,50,,0,,17,,12,,,,,M,,,,,NA
-112.97,54.28,ABEE AGDM,3010010,2023-10-12 17:00,2023,10,12,17:00,11.9,,3.9,,58,,0,,15,,10,,,,,M,,,,,NA
-112.97,54.28,ABEE AGDM,3010010,2023-10-12 18:00,2023,10,12,18:00,9,,4.2,,72,,0,,13,,16,,,,,M,,,,,NA
-112.97,54.28,ABEE AGDM,3010010,2023-10-12 19:00,2023,10,12,19:00,5.8,,3.2,,83,,0,,14,,12,,,,,M,,,,,NA
-112.97,54.28,ABEE AGDM,3010010,2023-10-12 20:00,2023,10,12,20:00,4.2,,2.7,,90,,0,,14,,13,,,,,M,,,,,NA
-112.97,54.28,ABEE AGDM,3010010,2023-10-12 21:00,2023,10,12,21:00,3.4,,2.2,,92,,0,,13,,13,,,,,M,,,,,NA
-112.97,54.28,ABEE AGDM,3010010,2023-10-12 22:00,2023,10,12,22:00,2.5,,1.7,,94,,0,,13,,14,,,,,M,,,,,NA
-112.97,54.28,ABEE AGDM,3010010,2023-10-12 23:00,2023,10,12,23:00,1.5,,0.7,,95,,0,,14,,12,,,,,M,,,,,NA
-112.97,54.28,ABEE AGDM,3010010,2023-10-13 0:00,2023,10,13,0:00,-0.2,,-0.7,,96,,0,,14,,10,,,,,M,,,-4,,NA
-112.97,54.28,ABEE AGDM,3010010,2023-10-13 1:00,2023,10,13,1:00,0,,-0.5,,96,,0,,14,,10,,,,,M,,,-3,,NA
-112.97,54.28,ABEE AGDM,3010010,2023-10-13 2:00,2023,10,13,2:00,0.7,,0.4,,98,,0,,13,,13,,,,,M,,,,,NA
-112.97,54.28,ABEE AGDM,3010010,2023-10-13 3:00,2023,10,13,3:00,1.4,,0.9,,97,,0,,14,,12,,,,,M,,,,,NA
-112.97,54.28,ABEE AGDM,3010010,2023-10-13 4:00,2023,10,13,4:00,2.5,,1.7,,95,,0,,14,,18,,,,,M,,,,,NA
-112.97,54.28,ABEE AGDM,3010010,2023-10-13 5:00,2023,10,13,5:00,1.8,,1.2,,96,,0,,14,,14,,,,,M,,,,,NA
-112.97,54.28,ABEE AGDM,3010010,2023-10-13 6:00,2023,10,13,6:00,1,,0.5,,97,,0,,14,,14,,,,,M,,,,,NA
-112.97,54.28,ABEE AGDM,3010010,2023-10-13 7:00,2023,10,13,7:00,3.2,,2.6,,96,,0,,15,,16,,,,,M,,,,,NA
-112.97,54.28,ABEE AGDM,3010010,2023-10-13 8:00,2023,10,13,8:00,4.1,,2.8,,91,,0,,15,,18,,,,,M,,,,,NA
-112.97,54.28,ABEE AGDM,3010010,2023-10-13 9:00,2023,10,13,9:00,4.3,,2.6,,89,,0,,16,,22,,,,,M,,,,,NA
-112.97,54.28,ABEE AGDM,3010010,2023-10-13 10:00,2023,10,13,10:00,4.5,,2.1,,85,,0,,15,,28,,,,,M,,,,,NA
-112.97,54.28,ABEE AGDM,3010010,2023-10-13 11:00,2023,10,13,11:00,6,,3,,81,,0,,16,,20,,,,,M,,,,,NA
-112.97,54.28,ABEE AGDM,3010010,2023-10-13 12:00,2023,10,13,12:00,9.6,,2.7,,62,,0,,14,,23,,,,,M,,,,,NA
-112.97,54.28,ABEE AGDM,3010010,2023-10-13 13:00,2023,10,13,13:00,10.4,,1.6,,55,,0,,15,,28,,,,,M,,,,,NA
-112.97,54.28,ABEE AGDM,3010010,2023-10-13 14:00,2023,10,13,14:00,11.4,,0.3,,46,,0,,14,,31,,,,,M,,,,,NA
-112.97,54.28,ABEE AGDM,3010010,2023-10-13 15:00,2023,10,13,15:00,11.5,,0.5,,47,,0,,14,,30,,,,,M,,,,,NA
-112.97,54.28,ABEE AGDM,3010010,2023-10-13 16:00,2023,10,13,16:00,11.1,,1.3,,51,,0,,14,,27,,,,,M,,,,,NA
-112.97,54.28,ABEE AGDM,3010010,2023-10-13 17:00,2023,10,13,17:00,9.9,,1.7,,57,,0,,14,,25,,,,,M,,,,,NA
-112.97,54.28,ABEE AGDM,3010010,2023-10-13 18:00,2023,10,13,18:00,8,,1.4,,63,,0,,14,,20,,,,,M,,,,,NA
-112.97,54.28,ABEE AGDM,3010010,2023-10-13 19:00,2023,10,13,19:00,6.5,,0.9,,67,,0,,13,,18,,,,,M,,,,,NA
-112.97,54.28,ABEE AGDM,3010010,2023-10-13 20:00,2023,10,13,20:00,5.6,,0.7,,70,,0,,13,,19,,,,,M,,,,,NA
-112.97,54.28,ABEE AGDM,3010010,2023-10-13 21:00,2023,10,13,21:00,5.2,,-0.6,,66,,0,,14,,19,,,,,M,,,,,NA
-112.97,54.28,ABEE AGDM,3010010,2023-10-13 22:00,2023,10,13,22:00,4.4,,-0.9,,69,,0,,14,,19,,,,,M,,,,,NA
-112.97,54.28,ABEE AGDM,3010010,2023-10-13 23:00,2023,10,13,23:00,4.3,,-0.8,,69,,0,,14,,20,,,,,M,,,,,NA
-112.97,54.28,ABEE AGDM,3010010,2023-10-14 0:00,2023,10,14,0:00,3.3,,-1.1,,73,,0,,13,,17,,,,,M,,,,,NA
-112.97,54.28,ABEE AGDM,3010010,2023-10-14 1:00,2023,10,14,1:00,3.4,,-1,,73,,0,,13,,22,,,,,M,,,,,NA
-112.97,54.28,ABEE AGDM,3010010,2023-10-14 2:00,2023,10,14,2:00,3.8,,-0.4,,74,,0,,13,,22,,,,,M,,,,,NA
-112.97,54.28,ABEE AGDM,3010010,2023-10-14 3:00,2023,10,14,3:00,3.1,,-0.5,,77,,0,,13,,23,,,,,M,,,,,NA
-112.97,54.28,ABEE AGDM,3010010,2023-10-14 4:00,2023,10,14,4:00,3.4,,-0.9,,74,,0,,14,,22,,,,,M,,,,,NA
-112.97,54.28,ABEE AGDM,3010010,2023-10-14 5:00,2023,10,14,5:00,3.1,,-0.9,,75,,0,,14,,23,,,,,M,,,,,NA
-112.97,54.28,ABEE AGDM,3010010,2023-10-14 6:00,2023,10,14,6:00,2.5,,-0.9,,79,,0,,13,,23,,,,,M,,,,,NA
-112.97,54.28,ABEE AGDM,3010010,2023-10-14 7:00,2023,10,14,7:00,2.3,,-0.8,,80,,0,,14,,24,,,,,M,,,,,NA
-112.97,54.28,ABEE AGDM,3010010,2023-10-14 8:00,2023,10,14,8:00,3.2,,-0.3,,78,,0,,15,,23,,,,,M,,,,,NA
-112.97,54.28,ABEE AGDM,3010010,2023-10-14 9:00,2023,10,14,9:00,4.7,,0.2,,72,,0,,15,,23,,,,,M,,,,,NA
-112.97,54.28,ABEE AGDM,3010010,2023-10-14 10:00,2023,10,14,10:00,5.6,,0.7,,70,,0,,15,,25,,,,,M,,,,,NA
-112.97,54.28,ABEE AGDM,3010010,2023-10-14 11:00,2023,10,14,11:00,8.3,,1.5,,62,,0,,15,,24,,,,,M,,,,,NA
-112.97,54.28,ABEE AGDM,3010010,2023-10-14 12:00,2023,10,14,12:00,10.1,,1.4,,55,,0,,15,,28,,,,,M,,,,,NA
-112.97,54.28,ABEE AGDM,3010010,2023-10-14 13:00,2023,10,14,13:00,11.8,,1.7,,50,,0,,15,,29,,,,,M,,,,,NA
-112.97,54.28,ABEE AGDM,3010010,2023-10-14 14:00,2023,10,14,14:00,12.5,,1.6,,47,,0,,14,,29,,,,,M,,,,,NA
-112.97,54.28,ABEE AGDM,3010010,2023-10-14 15:00,2023,10,14,15:00,12.8,,1.4,,46,,0,,15,,28,,,,,M,,,,,NA
-112.97,54.28,ABEE AGDM,3010010,2023-10-14 16:00,2023,10,14,16:00,12.4,,1,,46,,0,,15,,27,,,,,M,,,,,NA
-112.97,54.28,ABEE AGDM,3010010,2023-10-14 17:00,2023,10,14,17:00,11.2,,0.7,,48,,0,,14,,19,,,,,M,,,,,NA
-112.97,54.28,ABEE AGDM,3010010,2023-10-14 18:00,2023,10,14,18:00,9.3,,0.1,,53,,0,,13,,17,,,,,M,,,,,NA
-112.97,54.28,ABEE AGDM,3010010,2023-10-14 19:00,2023,10,14,19:00,8.2,,-0.6,,54,,0,,13,,18,,,,,M,,,,,NA
-112.97,54.28,ABEE AGDM,3010010,2023-10-14 20:00,2023,10,14,20:00,7.1,,-0.7,,58,,0,,13,,16,,,,,M,,,,,NA
-112.97,54.28,ABEE AGDM,3010010,2023-10-14 21:00,2023,10,14,21:00,6.6,,-0.8,,59,,0,,13,,19,,,,,M,,,,,NA
-112.97,54.28,ABEE AGDM,3010010,2023-10-14 22:00,2023,10,14,22:00,5.8,,-0.5,,64,,0,,13,,19,,,,,M,,,,,NA
-112.97,54.28,ABEE AGDM,3010010,2023-10-14 23:00,2023,10,14,23:00,5.2,,-0.4,,67,,0,,14,,18,,,,,M,,,,,NA
-112.97,54.28,ABEE AGDM,3010010,2023-10-15 0:00,2023,10,15,0:00,4.4,,-0.4,,71,,0,,14,,13,,,,,M,,,,,NA
-112.97,54.28,ABEE AGDM,3010010,2023-10-15 1:00,2023,10,15,1:00,3.6,,-0.5,,74,,0,,13,,13,,,,,M,,,,,NA
-112.97,54.28,ABEE AGDM,3010010,2023-10-15 2:00,2023,10,15,2:00,3,,-0.7,,77,,0,,14,,10,,,,,M,,,,,NA
-112.97,54.28,ABEE AGDM,3010010,2023-10-15 3:00,2023,10,15,3:00,1.8,,-0.9,,82,,0,,13,,10,,,,,M,,,,,NA
-112.97,54.28,ABEE AGDM,3010010,2023-10-15 4:00,2023,10,15,4:00,1.3,,-1.2,,83,,0,,12,,9,,,,,M,,,,,NA
-112.97,54.28,ABEE AGDM,3010010,2023-10-15 5:00,2023,10,15,5:00,0.7,,-1.5,,86,,0,,16,,9,,,,,M,,,,,NA
-112.97,54.28,ABEE AGDM,3010010,2023-10-15 6:00,2023,10,15,6:00,0.8,,-1.3,,86,,0,,12,,10,,,,,M,,,,,NA
-112.97,54.28,ABEE AGDM,3010010,2023-10-15 7:00,2023,10,15,7:00,0.9,,-0.9,,88,,0,,13,,11,,,,,M,,,,,NA
-112.97,54.28,ABEE AGDM,3010010,2023-10-15 8:00,2023,10,15,8:00,0,,-1.4,,90,,0,,14,,7,,,,,M,,,-2,,NA
-112.97,54.28,ABEE AGDM,3010010,2023-10-15 9:00,2023,10,15,9:00,2,,-0.2,,85,,0,,15,,9,,,,,M,,,,,NA
-112.97,54.28,ABEE AGDM,3010010,2023-10-15 10:00,2023,10,15,10:00,5,,0.8,,74,,0,,11,,5,,,,,M,,,,,NA
-112.97,54.28,ABEE AGDM,3010010,2023-10-15 11:00,2023,10,15,11:00,6.7,,1.6,,69,,0,,15,,8,,,,,M,,,,,NA
-112.97,54.28,ABEE AGDM,3010010,2023-10-15 12:00,2023,10,15,12:00,9.8,,2.8,,62,,0,,14,,9,,,,,M,,,,,NA
-112.97,54.28,ABEE AGDM,3010010,2023-10-15 13:00,2023,10,15,13:00,12.7,,3.8,,55,,0,,17,,7,,,,,M,,,,,NA
-112.97,54.28,ABEE AGDM,3010010,2023-10-15 14:00,2023,10,15,14:00,14,,4.5,,53,,0,,19,,7,,,,,M,,,,,NA
-112.97,54.28,ABEE AGDM,3010010,2023-10-15 15:00,2023,10,15,15:00,14.9,,4.7,,51,,0,,21,,9,,,,,M,,,,,NA
-112.97,54.28,ABEE AGDM,3010010,2023-10-15 16:00,2023,10,15,16:00,14.4,,5.5,,55,,0,,18,,5,,,,,M,,,,,NA
-112.97,54.28,ABEE AGDM,3010010,2023-10-15 17:00,2023,10,15,17:00,13.1,,4.8,,57,,0,,23,,6,,,,,M,,,,,NA
-112.97,54.28,ABEE AGDM,3010010,2023-10-15 18:00,2023,10,15,18:00,8.8,,3.5,,69,,0,,33,,2,,,,,M,,,,,NA
-112.97,54.28,ABEE AGDM,3010010,2023-10-15 19:00,2023,10,15,19:00,5.8,,2.3,,78,,0,,32,,4,,,,,M,,,,,NA
-112.97,54.28,ABEE AGDM,3010010,2023-10-15 20:00,2023,10,15,20:00,2.5,,1.6,,94,,0,,1,,3,,,,,M,,,,,NA
-112.97,54.28,ABEE AGDM,3010010,2023-10-15 21:00,2023,10,15,21:00,1,,0.1,,94,,0,,,,0,,,,,M,,,,,NA
-112.97,54.28,ABEE AGDM,3010010,2023-10-15 22:00,2023,10,15,22:00,-0.5,,-0.9,,97,,0,,20,,4,,,,,M,,,-2,,NA
-112.97,54.28,ABEE AGDM,3010010,2023-10-15 23:00,2023,10,15,23:00,0.3,,0,,98,,0,,,,0,,,,,M,,,,,NA
-112.97,54.28,ABEE AGDM,3010010,2023-10-16 0:00,2023,10,16,0:00,-1.6,,-1.9,,98,,0,,0,,1,,,,,M,,,-2,,NA
-112.97,54.28,ABEE AGDM,3010010,2023-10-16 1:00,2023,10,16,1:00,-2.2,,-2.6,,97,,0,,,,0,,,,,M,,,,,NA
-112.97,54.28,ABEE AGDM,3010010,2023-10-16 2:00,2023,10,16,2:00,-2.4,,-2.7,,97,,0,,,,0,,,,,M,,,,,NA
-112.97,54.28,ABEE AGDM,3010010,2023-10-16 3:00,2023,10,16,3:00,-3.4,,-3.8,,98,,0,,16,,1,,,,,M,,,-4,,NA
-112.97,54.28,ABEE AGDM,3010010,2023-10-16 4:00,2023,10,16,4:00,-4,,-4.4,,97,,0,,9,,2,,,,,M,,,-5,,NA
-112.97,54.28,ABEE AGDM,3010010,2023-10-16 5:00,2023,10,16,5:00,-3.3,,-3.6,,97,,0,,,,0,,,,,M,,,,,NA
-112.97,54.28,ABEE AGDM,3010010,2023-10-16 6:00,2023,10,16,6:00,-4.5,,-5,,96,,0,,15,,3,,,,,M,,,-6,,NA
-112.97,54.28,ABEE AGDM,3010010,2023-10-16 7:00,2023,10,16,7:00,-3.9,,-4.5,,96,,0,,15,,1,,,,,M,,,-4,,NA
-112.97,54.28,ABEE AGDM,3010010,2023-10-16 8:00,2023,10,16,8:00,-1.9,,-2.2,,98,,0,,5,,1,,,,,M,,,-2,,NA
-112.97,54.28,ABEE AGDM,3010010,2023-10-16 9:00,2023,10,16,9:00,2.5,,2.4,,99,,0,,13,,4,,,,,M,,,,,NA
-112.97,54.28,ABEE AGDM,3010010,2023-10-16 10:00,2023,10,16,10:00,5.6,,3.9,,89,,0,,14,,7,,,,,M,,,,,NA
-112.97,54.28,ABEE AGDM,3010010,2023-10-16 11:00,2023,10,16,11:00,9,,5.1,,77,,0,,11,,8,,,,,M,,,,,NA
-112.97,54.28,ABEE AGDM,3010010,2023-10-16 12:00,2023,10,16,12:00,12.9,,4.8,,58,,0,,12,,14,,,,,M,,,,,NA
-112.97,54.28,ABEE AGDM,3010010,2023-10-16 13:00,2023,10,16,13:00,12.9,,4.7,,57,,0,,11,,15,,,,,M,,,,,NA
-112.97,54.28,ABEE AGDM,3010010,2023-10-16 14:00,2023,10,16,14:00,13.9,,4.9,,55,,0,,11,,19,,,,,M,,,,,NA
-112.97,54.28,ABEE AGDM,3010010,2023-10-16 15:00,2023,10,16,15:00,15.6,,3.6,,45,,0,,12,,17,,,,,M,,,,,NA
-112.97,54.28,ABEE AGDM,3010010,2023-10-16 16:00,2023,10,16,16:00,14.4,,3.1,,47,,0,,13,,20,,,,,M,,,,,NA
-112.97,54.28,ABEE AGDM,3010010,2023-10-16 17:00,2023,10,16,17:00,13.8,,3,,48,,0,,13,,16,,,,,M,,,,,NA
-112.97,54.28,ABEE AGDM,3010010,2023-10-16 18:00,2023,10,16,18:00,12.2,,2.2,,51,,0,,11,,14,,,,,M,,,,,NA
-112.97,54.28,ABEE AGDM,3010010,2023-10-16 19:00,2023,10,16,19:00,12.2,,2.6,,52,,0,,11,,14,,,,,M,,,,,NA
-112.97,54.28,ABEE AGDM,3010010,2023-10-16 20:00,2023,10,16,20:00,12.7,,2.4,,49,,0,,12,,21,,,,,M,,,,,NA
-112.97,54.28,ABEE AGDM,3010010,2023-10-16 21:00,2023,10,16,21:00,12.3,,2.5,,51,,0,,12,,19,,,,,M,,,,,NA
-112.97,54.28,ABEE AGDM,3010010,2023-10-16 22:00,2023,10,16,22:00,10.4,,4.1,,65,,0,,11,,14,,,,,M,,,,,NA
-112.97,54.28,ABEE AGDM,3010010,2023-10-16 23:00,2023,10,16,23:00,10.9,,3.6,,61,,0,,12,,16,,,,,M,,,,,NA
-112.97,54.28,ABEE AGDM,3010010,2023-10-17 0:00,2023,10,17,0:00,10.8,,4.6,,65,,0,,12,,17,,,,,M,,,,,NA
-112.97,54.28,ABEE AGDM,3010010,2023-10-17 1:00,2023,10,17,1:00,11.1,,4.1,,62,,0,,11,,16,,,,,M,,,,,NA
-112.97,54.28,ABEE AGDM,3010010,2023-10-17 2:00,2023,10,17,2:00,10.9,,4.1,,63,,0,,8,,5,,,,,M,,,,,NA
-112.97,54.28,ABEE AGDM,3010010,2023-10-17 3:00,2023,10,17,3:00,9.8,,4.2,,68,,0,,8,,11,,,,,M,,,,,NA
-112.97,54.28,ABEE AGDM,3010010,2023-10-17 4:00,2023,10,17,4:00,8.6,,5.3,,80,,0,,7,,11,,,,,M,,,,,NA
-112.97,54.28,ABEE AGDM,3010010,2023-10-17 5:00,2023,10,17,5:00,8.1,,5.4,,83,,0,,3,,9,,,,,M,,,,,NA
-112.97,54.28,ABEE AGDM,3010010,2023-10-17 6:00,2023,10,17,6:00,8.1,,5.2,,82,,0,,4,,8,,,,,M,,,,,NA
-112.97,54.28,ABEE AGDM,3010010,2023-10-17 7:00,2023,10,17,7:00,7.6,,5,,84,,0,,35,,6,,,,,M,,,,,NA
-112.97,54.28,ABEE AGDM,3010010,2023-10-17 8:00,2023,10,17,8:00,7.9,,5.4,,84,,0.4,,3,,7,,,,,M,,,,,NA
-112.97,54.28,ABEE AGDM,3010010,2023-10-17 9:00,2023,10,17,9:00,8.5,,5.4,,81,,0,,4,,7,,,,,M,,,,,NA
-112.97,54.28,ABEE AGDM,3010010,2023-10-17 10:00,2023,10,17,10:00,8.3,,6.5,,89,,0,,1,,8,,,,,M,,,,,NA
-112.97,54.28,ABEE AGDM,3010010,2023-10-17 11:00,2023,10,17,11:00,8,,6.9,,93,,0.5,,34,,10,,,,,M,,,,,NA
-112.97,54.28,ABEE AGDM,3010010,2023-10-17 12:00,2023,10,17,12:00,8.3,,7.7,,96,,0,,33,,11,,,,,M,,,,,NA
-112.97,54.28,ABEE AGDM,3010010,2023-10-17 13:00,2023,10,17,13:00,8.8,,7.9,,94,,0,,34,,13,,,,,M,,,,,NA
-112.97,54.28,ABEE AGDM,3010010,2023-10-17 14:00,2023,10,17,14:00,9.2,,8,,92,,0,,32,,9,,,,,M,,,,,NA
-112.97,54.28,ABEE AGDM,3010010,2023-10-17 15:00,2023,10,17,15:00,9.4,,7.7,,89,,0,,29,,9,,,,,M,,,,,NA
-112.97,54.28,ABEE AGDM,3010010,2023-10-17 16:00,2023,10,17,16:00,9.3,,7.4,,88,,0,,27,,12,,,,,M,,,,,NA
-112.97,54.28,ABEE AGDM,3010010,2023-10-17 17:00,2023,10,17,17:00,9.6,,7.6,,88,,0,,28,,3,,,,,M,,,,,NA
-112.97,54.28,ABEE AGDM,3010010,2023-10-17 18:00,2023,10,17,18:00,7.3,,6.3,,93,,0,,26,,6,,,,,M,,,,,NA
-112.97,54.28,ABEE AGDM,3010010,2023-10-17 19:00,2023,10,17,19:00,2.8,,2.1,,95,,0,,17,,2,,,,,M,,,,,NA
-112.97,54.28,ABEE AGDM,3010010,2023-10-17 20:00,2023,10,17,20:00,2,,1.7,,98,,0,,18,,1,,,,,M,,,,,NA
-112.97,54.28,ABEE AGDM,3010010,2023-10-17 21:00,2023,10,17,21:00,0.3,,0.1,,98,,0,,14,,6,,,,,M,,,,,NA
-112.97,54.28,ABEE AGDM,3010010,2023-10-17 22:00,2023,10,17,22:00,0.7,,0.5,,99,,0,,11,,4,,,,,M,,,,,NA
-112.97,54.28,ABEE AGDM,3010010,2023-10-17 23:00,2023,10,17,23:00,0.9,,0.8,,99,,0.5,,18,,5,,,,,M,,,,,NA
-112.97,54.28,ABEE AGDM,3010010,2023-10-18 0:00,2023,10,18,0:00,1.4,,1.3,,99,,0,,17,,5,,,,,M,,,,,NA
-112.97,54.28,ABEE AGDM,3010010,2023-10-18 1:00,2023,10,18,1:00,1,,0.8,,99,,0,,12,,8,,,,,M,,,,,NA
-112.97,54.28,ABEE AGDM,3010010,2023-10-18 2:00,2023,10,18,2:00,1.2,,1.1,,99,,0,,12,,7,,,,,M,,,,,NA
-112.97,54.28,ABEE AGDM,3010010,2023-10-18 3:00,2023,10,18,3:00,3,,2.9,,99,,0,,13,,11,,,,,M,,,,,NA
-112.97,54.28,ABEE AGDM,3010010,2023-10-18 4:00,2023,10,18,4:00,3.3,,3.2,,99,,0,,13,,11,,,,,M,,,,,NA
-112.97,54.28,ABEE AGDM,3010010,2023-10-18 5:00,2023,10,18,5:00,3.8,,3.7,,99,,0,,13,,13,,,,,M,,,,,NA
-112.97,54.28,ABEE AGDM,3010010,2023-10-18 6:00,2023,10,18,6:00,3.9,,3.7,,99,,0,,15,,11,,,,,M,,,,,NA
-112.97,54.28,ABEE AGDM,3010010,2023-10-18 7:00,2023,10,18,7:00,4.1,,3.7,,97,,0,,16,,10,,,,,M,,,,,NA
-112.97,54.28,ABEE AGDM,3010010,2023-10-18 8:00,2023,10,18,8:00,3.3,,2.9,,97,,0,,16,,7,,,,,M,,,,,NA
-112.97,54.28,ABEE AGDM,3010010,2023-10-18 9:00,2023,10,18,9:00,4.4,,3.8,,96,,0,,15,,9,,,,,M,,,,,NA
-112.97,54.28,ABEE AGDM,3010010,2023-10-18 10:00,2023,10,18,10:00,7.6,,5.2,,85,,0,,17,,9,,,,,M,,,,,NA
-112.97,54.28,ABEE AGDM,3010010,2023-10-18 11:00,2023,10,18,11:00,10.5,,5.8,,73,,0,,21,,6,,,,,M,,,,,NA
-112.97,54.28,ABEE AGDM,3010010,2023-10-18 12:00,2023,10,18,12:00,13.1,,6.4,,64,,0,,23,,10,,,,,M,,,,,NA
-112.97,54.28,ABEE AGDM,3010010,2023-10-18 13:00,2023,10,18,13:00,15.6,,6.6,,55,,0,,22,,11,,,,,M,,,,,NA
-112.97,54.28,ABEE AGDM,3010010,2023-10-18 14:00,2023,10,18,14:00,17.4,,4.7,,43,,0,,25,,15,,,,,M,,,,,NA
-112.97,54.28,ABEE AGDM,3010010,2023-10-18 15:00,2023,10,18,15:00,18.4,,3.8,,38,,0,,27,,17,,,,,M,,,,,NA
-112.97,54.28,ABEE AGDM,3010010,2023-10-18 16:00,2023,10,18,16:00,17.8,,3.5,,38,,0,,29,,9,,,,,M,,,,,NA
-112.97,54.28,ABEE AGDM,3010010,2023-10-18 17:00,2023,10,18,17:00,14.3,,3.7,,49,,0,,25,,9,,,,,M,,,,,NA
-112.97,54.28,ABEE AGDM,3010010,2023-10-18 18:00,2023,10,18,18:00,12.9,,6.4,,65,,0,,34,,20,,,,,M,,,,,NA
-112.97,54.28,ABEE AGDM,3010010,2023-10-18 19:00,2023,10,18,19:00,6.9,,4.2,,83,,0,,16,,4,,,,,M,,,,,NA
-112.97,54.28,ABEE AGDM,3010010,2023-10-18 20:00,2023,10,18,20:00,3.8,,3.3,,97,,0,,24,,7,,,,,M,,,,,NA
-112.97,54.28,ABEE AGDM,3010010,2023-10-18 21:00,2023,10,18,21:00,2.6,,1.8,,95,,0,,23,,4,,,,,M,,,,,NA
-112.97,54.28,ABEE AGDM,3010010,2023-10-18 22:00,2023,10,18,22:00,1.3,,0.8,,96,,0,,21,,4,,,,,M,,,,,NA
-112.97,54.28,ABEE AGDM,3010010,2023-10-18 23:00,2023,10,18,23:00,0.3,,-0.1,,97,,0,,25,,8,,,,,M,,,,,NA
-112.97,54.28,ABEE AGDM,3010010,2023-10-19 0:00,2023,10,19,0:00,4.8,,2.5,,85,,0,,26,,9,,,,,M,,,,,NA
-112.97,54.28,ABEE AGDM,3010010,2023-10-19 1:00,2023,10,19,1:00,3.5,,1.6,,87,,0,,24,,9,,,,,M,,,,,NA
-112.97,54.28,ABEE AGDM,3010010,2023-10-19 2:00,2023,10,19,2:00,5.7,,3.1,,83,,0,,24,,13,,,,,M,,,,,NA
-112.97,54.28,ABEE AGDM,3010010,2023-10-19 3:00,2023,10,19,3:00,4.6,,1.9,,82,,0,,24,,13,,,,,M,,,,,NA
-112.97,54.28,ABEE AGDM,3010010,2023-10-19 4:00,2023,10,19,4:00,4.4,,1.3,,81,,0,,24,,10,,,,,M,,,,,NA
-112.97,54.28,ABEE AGDM,3010010,2023-10-19 5:00,2023,10,19,5:00,5.1,,1.9,,79,,0,,24,,8,,,,,M,,,,,NA
-112.97,54.28,ABEE AGDM,3010010,2023-10-19 6:00,2023,10,19,6:00,2.3,,-0.4,,82,,0,,24,,7,,,,,M,,,,,NA
-112.97,54.28,ABEE AGDM,3010010,2023-10-19 7:00,2023,10,19,7:00,0.3,,-0.5,,95,,0,,4,,2,,,,,M,,,,,NA
-112.97,54.28,ABEE AGDM,3010010,2023-10-19 8:00,2023,10,19,8:00,2.2,,0.5,,89,,0,,21,,11,,,,,M,,,,,NA
-112.97,54.28,ABEE AGDM,3010010,2023-10-19 9:00,2023,10,19,9:00,7.5,,3.2,,74,,0,,21,,5,,,,,M,,,,,NA
-112.97,54.28,ABEE AGDM,3010010,2023-10-19 10:00,2023,10,19,10:00,10.4,,3.8,,63,,0,,21,,7,,,,,M,,,,,NA
-112.97,54.28,ABEE AGDM,3010010,2023-10-19 11:00,2023,10,19,11:00,13.6,,4.9,,56,,0,,22,,9,,,,,M,,,,,NA
-112.97,54.28,ABEE AGDM,3010010,2023-10-19 12:00,2023,10,19,12:00,16.1,,4.3,,46,,0,,24,,14,,,,,M,,,,,NA
-112.97,54.28,ABEE AGDM,3010010,2023-10-19 13:00,2023,10,19,13:00,19.1,,4.1,,37,,0,,24,,14,,,,,M,,,,,NA
-112.97,54.28,ABEE AGDM,3010010,2023-10-19 14:00,2023,10,19,14:00,20.4,,2.7,,31,,0,,24,,16,,,,,M,,,,,NA
-112.97,54.28,ABEE AGDM,3010010,2023-10-19 15:00,2023,10,19,15:00,20.3,,2.4,,31,,0,,23,,14,,,,,M,,,,,NA
-112.97,54.28,ABEE AGDM,3010010,2023-10-19 16:00,2023,10,19,16:00,20.2,,2.3,,30,,0,,22,,14,,,,,M,,,,,NA
-112.97,54.28,ABEE AGDM,3010010,2023-10-19 17:00,2023,10,19,17:00,16.7,,3,,40,,0,,18,,9,,,,,M,,,,,NA
-112.97,54.28,ABEE AGDM,3010010,2023-10-19 18:00,2023,10,19,18:00,10.3,,7.7,,84,,0.4,,34,,45,,,,,M,,,,,NA
-112.97,54.28,ABEE AGDM,3010010,2023-10-19 19:00,2023,10,19,19:00,9.1,,7.4,,89,,0,,5,,7,,,,,M,,,,,NA
-112.97,54.28,ABEE AGDM,3010010,2023-10-19 20:00,2023,10,19,20:00,8.6,,7.2,,92,,0,,26,,11,,,,,M,,,,,NA
-112.97,54.28,ABEE AGDM,3010010,2023-10-19 21:00,2023,10,19,21:00,9.2,,6.8,,85,,0,,27,,16,,,,,M,,,,,NA
-112.97,54.28,ABEE AGDM,3010010,2023-10-19 22:00,2023,10,19,22:00,8.6,,6.2,,85,,0,,29,,15,,,,,M,,,,,NA
-112.97,54.28,ABEE AGDM,3010010,2023-10-19 23:00,2023,10,19,23:00,9.1,,4.1,,71,,0,,28,,18,,,,,M,,,,,NA
-112.97,54.28,ABEE AGDM,3010010,2023-10-20 0:00,2023,10,20,0:00,7.8,,2.6,,70,,0,,29,,13,,,,,M,,,,,NA
-112.97,54.28,ABEE AGDM,3010010,2023-10-20 1:00,2023,10,20,1:00,7.4,,2.6,,72,,0,,28,,15,,,,,M,,,,,NA
-112.97,54.28,ABEE AGDM,3010010,2023-10-20 2:00,2023,10,20,2:00,6.4,,2,,73,,0,,29,,12,,,,,M,,,,,NA
-112.97,54.28,ABEE AGDM,3010010,2023-10-20 3:00,2023,10,20,3:00,4.9,,1.2,,77,,0,,27,,14,,,,,M,,,,,NA
-112.97,54.28,ABEE AGDM,3010010,2023-10-20 4:00,2023,10,20,4:00,4.3,,0.5,,76,,0,,28,,8,,,,,M,,,,,NA
-112.97,54.28,ABEE AGDM,3010010,2023-10-20 5:00,2023,10,20,5:00,3.7,,0.4,,79,,0,,26,,13,,,,,M,,,,,NA
-112.97,54.28,ABEE AGDM,3010010,2023-10-20 6:00,2023,10,20,6:00,3.7,,0.1,,77,,0,,27,,13,,,,,M,,,,,NA
-112.97,54.28,ABEE AGDM,3010010,2023-10-20 7:00,2023,10,20,7:00,3.8,,-0.2,,75,,0,,27,,14,,,,,M,,,,,NA
-112.97,54.28,ABEE AGDM,3010010,2023-10-20 8:00,2023,10,20,8:00,5,,-0.2,,69,,0,,28,,15,,,,,M,,,,,NA
-112.97,54.28,ABEE AGDM,3010010,2023-10-20 9:00,2023,10,20,9:00,6.7,,0.7,,66,,0,,27,,17,,,,,M,,,,,NA
-112.97,54.28,ABEE AGDM,3010010,2023-10-20 10:00,2023,10,20,10:00,8.6,,1.2,,60,,0,,31,,18,,,,,M,,,,,NA
-112.97,54.28,ABEE AGDM,3010010,2023-10-20 11:00,2023,10,20,11:00,9.9,,1.4,,55,,0,,32,,22,,,,,M,,,,,NA
-112.97,54.28,ABEE AGDM,3010010,2023-10-20 12:00,2023,10,20,12:00,11.2,,1.7,,52,,0,,32,,17,,,,,M,,,,,NA
-112.97,54.28,ABEE AGDM,3010010,2023-10-20 13:00,2023,10,20,13:00,12.6,,1.9,,48,,0,,32,,14,,,,,M,,,,,NA
-112.97,54.28,ABEE AGDM,3010010,2023-10-20 14:00,2023,10,20,14:00,12.9,,-0.5,,40,,0,,31,,15,,,,,M,,,,,NA
-112.97,54.28,ABEE AGDM,3010010,2023-10-20 15:00,2023,10,20,15:00,13.2,,-0.8,,38,,0,,31,,13,,,,,M,,,,,NA
-112.97,54.28,ABEE AGDM,3010010,2023-10-20 16:00,2023,10,20,16:00,12.7,,-1.3,,38,,,M,32,,13,,,,,M,,,,,NA
-112.97,54.28,ABEE AGDM,3010010,2023-10-20 17:00,2023,10,20,17:00,10.4,,-1.6,,43,,,M,31,,6,,,,,M,,,,,NA
-112.97,54.28,ABEE AGDM,3010010,2023-10-20 18:00,2023,10,20,18:00,6,,-2,,56,,0,,31,,4,,,,,M,,,,,NA
-112.97,54.28,ABEE AGDM,3010010,2023-10-20 19:00,2023,10,20,19:00,2.2,,-3.4,,67,,0,,29,,4,,,,,M,,,,,NA
-112.97,54.28,ABEE AGDM,3010010,2023-10-20 20:00,2023,10,20,20:00,-1.5,,-4.2,,82,,0,,9,,5,,,,,M,,,-3,,NA
-112.97,54.28,ABEE AGDM,3010010,2023-10-20 21:00,2023,10,20,21:00,-2,,-3.8,,88,,0,,,,0,,,,,M,,,,,NA
-112.97,54.28,ABEE AGDM,3010010,2023-10-20 22:00,2023,10,20,22:00,-2.6,,-4.5,,87,,0,,34,,1,,,,,M,,,-3,,NA
-112.97,54.28,ABEE AGDM,3010010,2023-10-20 23:00,2023,10,20,23:00,-3.3,,-4,,95,,0,,0,,1,,,,,M,,,-4,,NA
-112.97,54.28,ABEE AGDM,3010010,2023-10-21 0:00,2023,10,21,0:00,-3.9,,-5,,92,,0,,34,,1,,,,,M,,,-4,,NA
-112.97,54.28,ABEE AGDM,3010010,2023-10-21 1:00,2023,10,21,1:00,-5.4,,-6.2,,94,,0,,14,,1,,,,,M,,,-6,,NA
-112.97,54.28,ABEE AGDM,3010010,2023-10-21 2:00,2023,10,21,2:00,-5.5,,-5.9,,96,,0,,8,,2,,,,,M,,,-6,,NA
-112.97,54.28,ABEE AGDM,3010010,2023-10-21 3:00,2023,10,21,3:00,-5.9,,-6.6,,95,,0,,15,,2,,,,,M,,,-7,,NA
-112.97,54.28,ABEE AGDM,3010010,2023-10-21 4:00,2023,10,21,4:00,-6.8,,-7.8,,93,,0,,9,,6,,,,,M,,,-10,,NA
-112.97,54.28,ABEE AGDM,3010010,2023-10-21 5:00,2023,10,21,5:00,-6.5,,-7.4,,93,,0,,10,,7,,,,,M,,,-10,,NA
-112.97,54.28,ABEE AGDM,3010010,2023-10-21 6:00,2023,10,21,6:00,-3,,-3.4,,97,,0.6,,11,,7,,,,,M,,,-6,,NA
-112.97,54.28,ABEE AGDM,3010010,2023-10-21 7:00,2023,10,21,7:00,-0.6,,-1.9,,91,,0,,13,,8,,,,,M,,,-3,,NA
-112.97,54.28,ABEE AGDM,3010010,2023-10-21 8:00,2023,10,21,8:00,0.8,,-1.3,,86,,0,,14,,10,,,,,M,,,,,NA
-112.97,54.28,ABEE AGDM,3010010,2023-10-21 9:00,2023,10,21,9:00,1.3,,-0.5,,88,,0,,15,,8,,,,,M,,,,,NA
-112.97,54.28,ABEE AGDM,3010010,2023-10-21 10:00,2023,10,21,10:00,3.8,,0.5,,79,,0,,15,,11,,,,,M,,,,,NA
-112.97,54.28,ABEE AGDM,3010010,2023-10-21 11:00,2023,10,21,11:00,4.9,,0.4,,73,,0,,13,,11,,,,,M,,,,,NA
-112.97,54.28,ABEE AGDM,3010010,2023-10-21 12:00,2023,10,21,12:00,5.7,,0.7,,71,,0,,13,,10,,,,,M,,,,,NA
-112.97,54.28,ABEE AGDM,3010010,2023-10-21 13:00,2023,10,21,13:00,6.4,,0.8,,68,,0,,13,,16,,,,,M,,,,,NA
-112.97,54.28,ABEE AGDM,3010010,2023-10-21 14:00,2023,10,21,14:00,7.8,,1.1,,62,,0,,14,,16,,,,,M,,,,,NA
-112.97,54.28,ABEE AGDM,3010010,2023-10-21 15:00,2023,10,21,15:00,9.6,,1.2,,56,,0,,17,,14,,,,,M,,,,,NA
-112.97,54.28,ABEE AGDM,3010010,2023-10-21 16:00,2023,10,21,16:00,8.9,,1.1,,58,,,M,28,,5,,,,,M,,,,,NA
-112.97,54.28,ABEE AGDM,3010010,2023-10-21 17:00,2023,10,21,17:00,7.7,,1.4,,64,,0,,35,,9,,,,,M,,,,,NA
-112.97,54.28,ABEE AGDM,3010010,2023-10-21 18:00,2023,10,21,18:00,6.8,,1.5,,69,,0,,34,,14,,,,,M,,,,,NA
-112.97,54.28,ABEE AGDM,3010010,2023-10-21 19:00,2023,10,21,19:00,4.6,,0,,72,,0,,34,,14,,,,,M,,,,,NA
-112.97,54.28,ABEE AGDM,3010010,2023-10-21 20:00,2023,10,21,20:00,2.9,,-0.6,,78,,0,,32,,12,,,,,M,,,,,NA
-112.97,54.28,ABEE AGDM,3010010,2023-10-21 21:00,2023,10,21,21:00,3.1,,-0.4,,78,,0,,34,,16,,,,,M,,,,,NA
-112.97,54.28,ABEE AGDM,3010010,2023-10-21 22:00,2023,10,21,22:00,2.5,,-0.7,,80,,0,,36,,19,,,,,M,,,,,NA
-112.97,54.28,ABEE AGDM,3010010,2023-10-21 23:00,2023,10,21,23:00,1.5,,-1.2,,82,,0,,36,,22,,,,,M,,,,,NA
-112.97,54.28,ABEE AGDM,3010010,2023-10-22 0:00,2023,10,22,0:00,0.5,,-1.6,,86,,0,,36,,22,,,,,M,,,,,NA
-112.97,54.28,ABEE AGDM,3010010,2023-10-22 1:00,2023,10,22,1:00,-0.4,,-2.4,,87,,0,,1,,16,,,,,M,,,-5,,NA
-112.97,54.28,ABEE AGDM,3010010,2023-10-22 2:00,2023,10,22,2:00,-1.5,,-4,,83,,0,,36,,19,,,,,M,,,-7,,NA
-112.97,54.28,ABEE AGDM,3010010,2023-10-22 3:00,2023,10,22,3:00,-2.2,,-4.7,,83,,0,,2,,15,,,,,M,,,-7,,NA
-112.97,54.28,ABEE AGDM,3010010,2023-10-22 4:00,2023,10,22,4:00,-2.5,,-4.8,,84,,0,,2,,14,,,,,M,,,-7,,NA
-112.97,54.28,ABEE AGDM,3010010,2023-10-22 5:00,2023,10,22,5:00,-3,,-5,,86,,0,,3,,15,,,,,M,,,-8,,NA
-112.97,54.28,ABEE AGDM,3010010,2023-10-22 6:00,2023,10,22,6:00,-2.8,,-4.9,,85,,0,,3,,13,,,,,M,,,-7,,NA
-112.97,54.28,ABEE AGDM,3010010,2023-10-22 7:00,2023,10,22,7:00,-2.9,,-5,,85,,0,,6,,11,,,,,M,,,-7,,NA
-112.97,54.28,ABEE AGDM,3010010,2023-10-22 8:00,2023,10,22,8:00,-2.9,,-4.8,,87,,0,,5,,11,,,,,M,,,-7,,NA
-112.97,54.28,ABEE AGDM,3010010,2023-10-22 9:00,2023,10,22,9:00,-2.9,,-4.7,,87,,0,,7,,11,,,,,M,,,-7,,NA
-112.97,54.28,ABEE AGDM,3010010,2023-10-22 10:00,2023,10,22,10:00,-2.8,,-4.6,,87,,0,,7,,9,,,,,M,,,-6,,NA
-112.97,54.28,ABEE AGDM,3010010,2023-10-22 11:00,2023,10,22,11:00,-2.2,,-4.3,,86,,0,,10,,10,,,,,M,,,-6,,NA
-112.97,54.28,ABEE AGDM,3010010,2023-10-22 12:00,2023,10,22,12:00,-1.9,,-4.5,,83,,0,,10,,7,,,,,M,,,-5,,NA
-112.97,54.28,ABEE AGDM,3010010,2023-10-22 13:00,2023,10,22,13:00,-1.8,,-4.4,,82,,0,,11,,8,,,,,M,,,-5,,NA
-112.97,54.28,ABEE AGDM,3010010,2023-10-22 14:00,2023,10,22,14:00,-1.8,,-4.1,,84,,0,,10,,14,,,,,M,,,-6,,NA
-112.97,54.28,ABEE AGDM,3010010,2023-10-22 15:00,2023,10,22,15:00,-1.8,,-3.7,,87,,0,,8,,6,,,,,M,,,-4,,NA
-112.97,54.28,ABEE AGDM,3010010,2023-10-22 16:00,2023,10,22,16:00,-2.5,,-3.6,,92,,1,,6,,7,,,,,M,,,-5,,NA
-112.97,54.28,ABEE AGDM,3010010,2023-10-22 17:00,2023,10,22,17:00,-2.7,,-4.3,,89,,0,,3,,9,,,,,M,,,-6,,NA
-112.97,54.28,ABEE AGDM,3010010,2023-10-22 18:00,2023,10,22,18:00,-2.9,,-4.3,,90,,0,,4,,7,,,,,M,,,-6,,NA
-112.97,54.28,ABEE AGDM,3010010,2023-10-22 19:00,2023,10,22,19:00,-3,,-4.7,,88,,0,,2,,9,,,,,M,,,-7,,NA
-112.97,54.28,ABEE AGDM,3010010,2023-10-22 20:00,2023,10,22,20:00,-3.8,,-5.1,,91,,0,,36,,12,,,,,M,,,-8,,NA
-112.97,54.28,ABEE AGDM,3010010,2023-10-22 21:00,2023,10,22,21:00,-4.2,,-5.6,,90,,0,,1,,12,,,,,M,,,-9,,NA
-112.97,54.28,ABEE AGDM,3010010,2023-10-22 22:00,2023,10,22,22:00,-4.7,,-6.3,,89,,0,,36,,17,,,,,M,,,-11,,NA
-112.97,54.28,ABEE AGDM,3010010,2023-10-22 23:00,2023,10,22,23:00,-5,,-6.6,,89,,0,,36,,12,,,,,M,,,-10,,NA
-112.97,54.28,ABEE AGDM,3010010,2023-10-23 0:00,2023,10,23,0:00,-5.5,,-7.3,,87,,0,,1,,16,,,,,M,,,-11,,NA
-112.97,54.28,ABEE AGDM,3010010,2023-10-23 1:00,2023,10,23,1:00,-5.8,,-7.5,,88,,0,,1,,13,,,,,M,,,-11,,NA
-112.97,54.28,ABEE AGDM,3010010,2023-10-23 2:00,2023,10,23,2:00,-6,,-7.7,,87,,0,,1,,13,,,,,M,,,-11,,NA
-112.97,54.28,ABEE AGDM,3010010,2023-10-23 3:00,2023,10,23,3:00,-6.4,,-8,,89,,0,,36,,13,,,,,M,,,-12,,NA
-112.97,54.28,ABEE AGDM,3010010,2023-10-23 4:00,2023,10,23,4:00,-6.7,,-8.1,,90,,0,,36,,11,,,,,M,,,-12,,NA
-112.97,54.28,ABEE AGDM,3010010,2023-10-23 5:00,2023,10,23,5:00,-7.4,,-8.7,,90,,0,,1,,14,,,,,M,,,-13,,NA
-112.97,54.28,ABEE AGDM,3010010,2023-10-23 6:00,2023,10,23,6:00,-8.1,,-9.2,,91,,0,,2,,11,,,,,M,,,-13,,NA
-112.97,54.28,ABEE AGDM,3010010,2023-10-23 7:00,2023,10,23,7:00,-8.1,,-9.4,,90,,0,,2,,10,,,,,M,,,-13,,NA
-112.97,54.28,ABEE AGDM,3010010,2023-10-23 8:00,2023,10,23,8:00,-7.7,,-9.6,,87,,0,,4,,7,,,,,M,,,-11,,NA
-112.97,54.28,ABEE AGDM,3010010,2023-10-23 9:00,2023,10,23,9:00,-7.3,,-9.3,,86,,0,,7,,9,,,,,M,,,-12,,NA
-112.97,54.28,ABEE AGDM,3010010,2023-10-23 10:00,2023,10,23,10:00,-6.6,,-9.3,,81,,0,,6,,9,,,,,M,,,-11,,NA
-112.97,54.28,ABEE AGDM,3010010,2023-10-23 11:00,2023,10,23,11:00,-6.1,,-10.5,,71,,0,,4,,11,,,,,M,,,-11,,NA
-112.97,54.28,ABEE AGDM,3010010,2023-10-23 12:00,2023,10,23,12:00,-5.3,,-11.9,,60,,0,,6,,13,,,,,M,,,-10,,NA
-112.97,54.28,ABEE AGDM,3010010,2023-10-23 13:00,2023,10,23,13:00,-5,,-13.1,,53,,0,,7,,14,,,,,M,,,-10,,NA
-112.97,54.28,ABEE AGDM,3010010,2023-10-23 14:00,2023,10,23,14:00,-4.5,,-13.8,,48,,0,,8,,10,,,,,M,,,-9,,NA
-112.97,54.28,ABEE AGDM,3010010,2023-10-23 15:00,2023,10,23,15:00,-4.3,,-12.6,,53,,0,,6,,12,,,,,M,,,-9,,NA
-112.97,54.28,ABEE AGDM,3010010,2023-10-23 16:00,2023,10,23,16:00,-5.3,,-12.8,,56,,0,,2,,13,,,,,M,,,-10,,NA
-112.97,54.28,ABEE AGDM,3010010,2023-10-23 17:00,2023,10,23,17:00,-6.3,,-11.9,,64,,0,,1,,12,,,,,M,,,-11,,NA
-112.97,54.28,ABEE AGDM,3010010,2023-10-23 18:00,2023,10,23,18:00,-7.3,,-13,,64,,0,,36,,6,,,,,M,,,-10,,NA
-112.97,54.28,ABEE AGDM,3010010,2023-10-23 19:00,2023,10,23,19:00,-8.7,,-13,,71,,0,,33,,6,,,,,M,,,-12,,NA
-112.97,54.28,ABEE AGDM,3010010,2023-10-23 20:00,2023,10,23,20:00,-8.9,,-12.5,,75,,0,,35,,5,,,,,M,,,-12,,NA
-112.97,54.28,ABEE AGDM,3010010,2023-10-23 21:00,2023,10,23,21:00,-9.8,,-12.7,,79,,0,,36,,5,,,,,M,,,-13,,NA
-112.97,54.28,ABEE AGDM,3010010,2023-10-23 22:00,2023,10,23,22:00,-9.3,,-12.5,,77,,0,,35,,6,,,,,M,,,-13,,NA
-112.97,54.28,ABEE AGDM,3010010,2023-10-23 23:00,2023,10,23,23:00,-9.7,,-12.5,,80,,0,,36,,7,,,,,M,,,-14,,NA
-112.97,54.28,ABEE AGDM,3010010,2023-10-24 0:00,2023,10,24,0:00,-10.9,,-13.5,,82,,0,,34,,7,,,,,M,,,-15,,NA
-112.97,54.28,ABEE AGDM,3010010,2023-10-24 1:00,2023,10,24,1:00,-12,,-14.6,,81,,0,,33,,6,,,,,M,,,-16,,NA
-112.97,54.28,ABEE AGDM,3010010,2023-10-24 2:00,2023,10,24,2:00,-13.7,,-15.2,,88,,0,,32,,3,,,,,M,,,-16,,NA
-112.97,54.28,ABEE AGDM,3010010,2023-10-24 3:00,2023,10,24,3:00,-14.3,,-15.9,,88,,0,,33,,5,,,,,M,,,-18,,NA
-112.97,54.28,ABEE AGDM,3010010,2023-10-24 4:00,2023,10,24,4:00,-14,,-15.7,,87,,0,,32,,6,,,,,M,,,-18,,NA
-112.97,54.28,ABEE AGDM,3010010,2023-10-24 5:00,2023,10,24,5:00,-13.7,,-15.7,,85,,0,,32,,5,,,,,M,,,-17,,NA
-112.97,54.28,ABEE AGDM,3010010,2023-10-24 6:00,2023,10,24,6:00,-13.5,,-15.9,,83,,0,,30,,5,,,,,M,,,-17,,NA
-112.97,54.28,ABEE AGDM,3010010,2023-10-24 7:00,2023,10,24,7:00,-13.4,,-16.1,,80,,0,,29,,5,,,,,M,,,-17,,NA
-112.97,54.28,ABEE AGDM,3010010,2023-10-24 8:00,2023,10,24,8:00,-12.8,,-15.4,,81,,0,,30,,5,,,,,M,,,-16,,NA
-112.97,54.28,ABEE AGDM,3010010,2023-10-24 9:00,2023,10,24,9:00,-9.9,,-13.4,,76,,0,,29,,7,,,,,M,,,-14,,NA
-112.97,54.28,ABEE AGDM,3010010,2023-10-24 10:00,2023,10,24,10:00,-8.2,,-12.4,,71,,0,,30,,11,,,,,M,,,-13,,NA
-112.97,54.28,ABEE AGDM,3010010,2023-10-24 11:00,2023,10,24,11:00,-7.1,,-12.7,,64,,0,,28,,13,,,,,M,,,-13,,NA
-112.97,54.28,ABEE AGDM,3010010,2023-10-24 12:00,2023,10,24,12:00,-6.2,,-13.7,,55,,0,,29,,13,,,,,M,,,-12,,NA
-112.97,54.28,ABEE AGDM,3010010,2023-10-24 13:00,2023,10,24,13:00,-6.8,,-14.1,,56,,0,,33,,16,,,,,M,,,-13,,NA
-112.97,54.28,ABEE AGDM,3010010,2023-10-24 14:00,2023,10,24,14:00,-6,,-14.4,,51,,0,,30,,16,,,,,M,,,-12,,NA
-112.97,54.28,ABEE AGDM,3010010,2023-10-24 15:00,2023,10,24,15:00,-6.4,,-14.2,,54,,0,,32,,17,,,,,M,,,-13,,NA
-112.97,54.28,ABEE AGDM,3010010,2023-10-24 16:00,2023,10,24,16:00,-6.5,,-14.5,,53,,0,,33,,14,,,,,M,,,-12,,NA
-112.97,54.28,ABEE AGDM,3010010,2023-10-24 17:00,2023,10,24,17:00,-6.8,,-13.3,,60,,0,,33,,8,,,,,M,,,-11,,NA
-112.97,54.28,ABEE AGDM,3010010,2023-10-24 18:00,2023,10,24,18:00,-6.8,,-13.9,,57,,0,,31,,10,,,,,M,,,-11,,NA
-112.97,54.28,ABEE AGDM,3010010,2023-10-24 19:00,2023,10,24,19:00,-6.7,,-13.6,,58,,0,,28,,10,,,,,M,,,-11,,NA
-112.97,54.28,ABEE AGDM,3010010,2023-10-24 20:00,2023,10,24,20:00,-6.6,,-13.1,,60,,0,,29,,11,,,,,M,,,-12,,NA
-112.97,54.28,ABEE AGDM,3010010,2023-10-24 21:00,2023,10,24,21:00,-6.8,,-13.3,,60,,0,,31,,10,,,,,M,,,-11,,NA
-112.97,54.28,ABEE AGDM,3010010,2023-10-24 22:00,2023,10,24,22:00,-6.9,,-12.7,,63,,0,,32,,13,,,,,M,,,-12,,NA
-112.97,54.28,ABEE AGDM,3010010,2023-10-24 23:00,2023,10,24,23:00,-7.2,,-12.5,,66,,0,,32,,9,,,,,M,,,-12,,NA
-112.97,54.28,ABEE AGDM,3010010,2023-10-25 0:00,2023,10,25,0:00,-7.4,,-11.3,,73,,0,,34,,11,,,,,M,,,-12,,NA
-112.97,54.28,ABEE AGDM,3010010,2023-10-25 1:00,2023,10,25,1:00,-8.1,,-11.1,,79,,0,,36,,6,,,,,M,,,-11,,NA
-112.97,54.28,ABEE AGDM,3010010,2023-10-25 2:00,2023,10,25,2:00,-9.2,,-11.7,,82,,0,,27,,5,,,,,M,,,-12,,NA
-112.97,54.28,ABEE AGDM,3010010,2023-10-25 3:00,2023,10,25,3:00,-10.1,,-12.6,,82,,0,,28,,8,,,,,M,,,-15,,NA
-112.97,54.28,ABEE AGDM,3010010,2023-10-25 4:00,2023,10,25,4:00,-9.3,,-12.5,,78,,0,,27,,9,,,,,M,,,-14,,NA
-112.97,54.28,ABEE AGDM,3010010,2023-10-25 5:00,2023,10,25,5:00,-8.9,,-12.4,,76,,0,,29,,7,,,,,M,,,-13,,NA
-112.97,54.28,ABEE AGDM,3010010,2023-10-25 6:00,2023,10,25,6:00,-8.7,,-11.9,,78,,0,,29,,7,,,,,M,,,-13,,NA
-112.97,54.28,ABEE AGDM,3010010,2023-10-25 7:00,2023,10,25,7:00,-8.7,,-11.7,,79,,0,,27,,7,,,,,M,,,-13,,NA
-112.97,54.28,ABEE AGDM,3010010,2023-10-25 8:00,2023,10,25,8:00,-9.8,,-12.9,,78,,0,,27,,8,,,,,M,,,-14,,NA
-112.97,54.28,ABEE AGDM,3010010,2023-10-25 9:00,2023,10,25,9:00,-8,,-12,,73,,0,,26,,11,,,,,M,,,-13,,NA
-112.97,54.28,ABEE AGDM,3010010,2023-10-25 10:00,2023,10,25,10:00,-6.7,,-11.7,,67,,0,,26,,10,,,,,M,,,-11,,NA
-112.97,54.28,ABEE AGDM,3010010,2023-10-25 11:00,2023,10,25,11:00,-5.3,,-12.7,,56,,0,,26,,13,,,,,M,,,-10,,NA
-112.97,54.28,ABEE AGDM,3010010,2023-10-25 12:00,2023,10,25,12:00,-4.4,,-12.6,,53,,0,,29,,14,,,,,M,,,-10,,NA
-112.97,54.28,ABEE AGDM,3010010,2023-10-25 13:00,2023,10,25,13:00,-3.9,,-12.7,,50,,0,,36,,11,,,,,M,,,-8,,NA
-112.97,54.28,ABEE AGDM,3010010,2023-10-25 14:00,2023,10,25,14:00,-4.2,,-12.9,,51,,0,,32,,13,,,,,M,,,-9,,NA
-112.97,54.28,ABEE AGDM,3010010,2023-10-25 15:00,2023,10,25,15:00,-3.9,,-13.1,,49,,0,,28,,11,,,,,M,,,-8,,NA
-112.97,54.28,ABEE AGDM,3010010,2023-10-25 16:00,2023,10,25,16:00,-4,,-13.1,,49,,0,,29,,10,,,,,M,,,-8,,NA
-112.97,54.28,ABEE AGDM,3010010,2023-10-25 17:00,2023,10,25,17:00,-6.1,,-13.4,,56,,0,,27,,8,,,,,M,,,-10,,NA
-112.97,54.28,ABEE AGDM,3010010,2023-10-25 18:00,2023,10,25,18:00,-7.7,,-13.7,,62,,0,,25,,6,,,,,M,,,-11,,NA
-112.97,54.28,ABEE AGDM,3010010,2023-10-25 19:00,2023,10,25,19:00,-7.9,,-13.2,,66,,0,,25,,8,,,,,M,,,-12,,NA
-112.97,54.28,ABEE AGDM,3010010,2023-10-25 20:00,2023,10,25,20:00,-8.2,,-13.3,,66,,0,,26,,7,,,,,M,,,-12,,NA
-112.97,54.28,ABEE AGDM,3010010,2023-10-25 21:00,2023,10,25,21:00,-8.3,,-13.4,,67,,0,,26,,5,,,,,M,,,-11,,NA
-112.97,54.28,ABEE AGDM,3010010,2023-10-25 22:00,2023,10,25,22:00,-8.7,,-13.2,,70,,0,,26,,7,,,,,M,,,-13,,NA
-112.97,54.28,ABEE AGDM,3010010,2023-10-25 23:00,2023,10,25,23:00,-7.9,,-13.2,,66,,0,,27,,10,,,,,M,,,-13,,NA
-112.97,54.28,ABEE AGDM,3010010,2023-10-26 0:00,2023,10,26,0:00,-8.5,,-13.1,,69,,0,,29,,8,,,,,M,,,-13,,NA
-112.97,54.28,ABEE AGDM,3010010,2023-10-26 1:00,2023,10,26,1:00,-9.1,,-13.1,,72,,0,,30,,6,,,,,M,,,-12,,NA
-112.97,54.28,ABEE AGDM,3010010,2023-10-26 2:00,2023,10,26,2:00,-9.4,,-11.3,,86,,0,,33,,4,,,,,M,,,-12,,NA
-112.97,54.28,ABEE AGDM,3010010,2023-10-26 3:00,2023,10,26,3:00,-10.6,,-11.9,,90,,0,,31,,4,,,,,M,,,-13,,NA
-112.97,54.28,ABEE AGDM,3010010,2023-10-26 4:00,2023,10,26,4:00,-12.2,,-13.9,,87,,0,,28,,3,,,,,M,,,-14,,NA
-112.97,54.28,ABEE AGDM,3010010,2023-10-26 5:00,2023,10,26,5:00,-10.9,,-12,,91,,0,,30,,5,,,,,M,,,-14,,NA
-112.97,54.28,ABEE AGDM,3010010,2023-10-26 6:00,2023,10,26,6:00,-9.2,,-10.4,,91,,0,,30,,6,,,,,M,,,-13,,NA
-112.97,54.28,ABEE AGDM,3010010,2023-10-26 7:00,2023,10,26,7:00,-8.5,,-9.8,,90,,0,,30,,8,,,,,M,,,-13,,NA
-112.97,54.28,ABEE AGDM,3010010,2023-10-26 8:00,2023,10,26,8:00,-8.2,,-9.5,,91,,0,,30,,7,,,,,M,,,-12,,NA
-112.97,54.28,ABEE AGDM,3010010,2023-10-26 9:00,2023,10,26,9:00,-7,,-8.7,,88,,0,,30,,11,,,,,M,,,-12,,NA
-112.97,54.28,ABEE AGDM,3010010,2023-10-26 10:00,2023,10,26,10:00,-5.9,,-8.2,,84,,0.4,,30,,13,,,,,M,,,-11,,NA
-112.97,54.28,ABEE AGDM,3010010,2023-10-26 11:00,2023,10,26,11:00,-5.3,,-8,,82,,0,,31,,13,,,,,M,,,-10,,NA
-112.97,54.28,ABEE AGDM,3010010,2023-10-26 12:00,2023,10,26,12:00,-4.9,,-7.9,,80,,0,,32,,12,,,,,M,,,-10,,NA
-112.97,54.28,ABEE AGDM,3010010,2023-10-26 13:00,2023,10,26,13:00,-4.6,,-7.5,,80,,0,,32,,11,,,,,M,,,-9,,NA
-112.97,54.28,ABEE AGDM,3010010,2023-10-26 14:00,2023,10,26,14:00,-4.4,,-7.4,,80,,0,,32,,10,,,,,M,,,-9,,NA
-112.97,54.28,ABEE AGDM,3010010,2023-10-26 15:00,2023,10,26,15:00,-4.3,,-7.6,,78,,0,,33,,12,,,,,M,,,-9,,NA
-112.97,54.28,ABEE AGDM,3010010,2023-10-26 16:00,2023,10,26,16:00,-4.3,,-7.7,,77,,0,,34,,10,,,,,M,,,-8,,NA
-112.97,54.28,ABEE AGDM,3010010,2023-10-26 17:00,2023,10,26,17:00,-4.5,,-7.1,,82,,0,,30,,6,,,,,M,,,-7,,NA
-112.97,54.28,ABEE AGDM,3010010,2023-10-26 18:00,2023,10,26,18:00,-5.5,,-7.5,,86,,0,,28,,5,,,,,M,,,-8,,NA
-112.97,54.28,ABEE AGDM,3010010,2023-10-26 19:00,2023,10,26,19:00,-4.9,,-7.2,,84,,0,,29,,8,,,,,M,,,-8,,NA
-112.97,54.28,ABEE AGDM,3010010,2023-10-26 20:00,2023,10,26,20:00,-4.9,,-7.2,,84,,0,,30,,10,,,,,M,,,-9,,NA
-112.97,54.28,ABEE AGDM,3010010,2023-10-26 21:00,2023,10,26,21:00,-5,,-7.2,,85,,0,,29,,10,,,,,M,,,-9,,NA
-112.97,54.28,ABEE AGDM,3010010,2023-10-26 22:00,2023,10,26,22:00,-5,,-7.2,,85,,0,,30,,10,,,,,M,,,-9,,NA
-112.97,54.28,ABEE AGDM,3010010,2023-10-26 23:00,2023,10,26,23:00,-5.4,,-7.5,,85,,0,,29,,10,,,,,M,,,-10,,NA
-112.97,54.28,ABEE AGDM,3010010,2023-10-27 0:00,2023,10,27,0:00,-6,,-7.9,,87,,0,,29,,9,,,,,M,,,-10,,NA
-112.97,54.28,ABEE AGDM,3010010,2023-10-27 1:00,2023,10,27,1:00,-7,,-8.7,,88,,0,,28,,7,,,,,M,,,-11,,NA
-112.97,54.28,ABEE AGDM,3010010,2023-10-27 2:00,2023,10,27,2:00,-6.6,,-8.8,,84,,0,,28,,9,,,,,M,,,-11,,NA
-112.97,54.28,ABEE AGDM,3010010,2023-10-27 3:00,2023,10,27,3:00,-6.2,,-8,,87,,0,,28,,11,,,,,M,,,-11,,NA
-112.97,54.28,ABEE AGDM,3010010,2023-10-27 4:00,2023,10,27,4:00,-6.1,,-8.1,,86,,0,,28,,11,,,,,M,,,-11,,NA
-112.97,54.28,ABEE AGDM,3010010,2023-10-27 5:00,2023,10,27,5:00,-6.3,,-8.1,,87,,0,,28,,13,,,,,M,,,-12,,NA
-112.97,54.28,ABEE AGDM,3010010,2023-10-27 6:00,2023,10,27,6:00,-6.1,,-7.5,,90,,0.5,,28,,13,,,,,M,,,-11,,NA
-112.97,54.28,ABEE AGDM,3010010,2023-10-27 7:00,2023,10,27,7:00,-6,,-7.4,,90,,0,,29,,13,,,,,M,,,-11,,NA
-112.97,54.28,ABEE AGDM,3010010,2023-10-27 8:00,2023,10,27,8:00,-6.2,,-7.7,,89,,0,,29,,12,,,,,M,,,-11,,NA
-112.97,54.28,ABEE AGDM,3010010,2023-10-27 9:00,2023,10,27,9:00,-5.5,,-7.3,,87,,0,,30,,12,,,,,M,,,-10,,NA
-112.97,54.28,ABEE AGDM,3010010,2023-10-27 10:00,2023,10,27,10:00,-4.6,,-7.2,,82,,0,,30,,13,,,,,M,,,-10,,NA
-112.97,54.28,ABEE AGDM,3010010,2023-10-27 11:00,2023,10,27,11:00,-3.7,,-8.6,,69,,0,,32,,19,,,,,M,,,-10,,NA
-112.97,54.28,ABEE AGDM,3010010,2023-10-27 12:00,2023,10,27,12:00,-3.1,,-9,,64,,0,,33,,17,,,,,M,,,-9,,NA
-112.97,54.28,ABEE AGDM,3010010,2023-10-27 13:00,2023,10,27,13:00,-3.1,,-9,,64,,0,,33,,19,,,,,M,,,-9,,NA
-112.97,54.28,ABEE AGDM,3010010,2023-10-27 14:00,2023,10,27,14:00,-3.1,,-9.3,,62,,0,,33,,16,,,,,M,,,-8,,NA
-112.97,54.28,ABEE AGDM,3010010,2023-10-27 15:00,2023,10,27,15:00,-3.5,,-9.5,,63,,0,,32,,14,,,,,M,,,-9,,NA
-112.97,54.28,ABEE AGDM,3010010,2023-10-27 16:00,2023,10,27,16:00,-3.8,,-9.1,,66,,0,,31,,13,,,,,M,,,-9,,NA
-112.97,54.28,ABEE AGDM,3010010,2023-10-27 17:00,2023,10,27,17:00,-4,,-9.9,,64,,0,,31,,13,,,,,M,,,-9,,NA
-112.97,54.28,ABEE AGDM,3010010,2023-10-27 18:00,2023,10,27,18:00,-4.4,,-8.8,,71,,0,,30,,9,,,,,M,,,-8,,NA
-112.97,54.28,ABEE AGDM,3010010,2023-10-27 19:00,2023,10,27,19:00,-4.7,,-8.2,,76,,0,,32,,5,,,,,M,,,-7,,NA
-112.97,54.28,ABEE AGDM,3010010,2023-10-27 20:00,2023,10,27,20:00,-5.2,,-8,,81,,0,,4,,4,,,,,M,,,-7,,NA
-112.97,54.28,ABEE AGDM,3010010,2023-10-27 21:00,2023,10,27,21:00,-6.7,,-8.7,,86,,0,,21,,3,,,,,M,,,-8,,NA
-112.97,54.28,ABEE AGDM,3010010,2023-10-27 22:00,2023,10,27,22:00,-8.7,,-10.5,,87,,0,,22,,7,,,,,M,,,-13,,NA
-112.97,54.28,ABEE AGDM,3010010,2023-10-27 23:00,2023,10,27,23:00,-9.1,,-10.1,,92,,0,,25,,2,,,,,M,,,-10,,NA
-112.97,54.28,ABEE AGDM,3010010,2023-10-28 0:00,2023,10,28,0:00,,,,,,,,,,,,,,,,,,,,,
-112.97,54.28,ABEE AGDM,3010010,2023-10-28 1:00,2023,10,28,1:00,,,,,,,,,,,,,,,,,,,,,
-112.97,54.28,ABEE AGDM,3010010,2023-10-28 2:00,2023,10,28,2:00,,,,,,,,,,,,,,,,,,,,,
-112.97,54.28,ABEE AGDM,3010010,2023-10-28 3:00,2023,10,28,3:00,,,,,,,,,,,,,,,,,,,,,
-112.97,54.28,ABEE AGDM,3010010,2023-10-28 4:00,2023,10,28,4:00,,,,,,,,,,,,,,,,,,,,,
-112.97,54.28,ABEE AGDM,3010010,2023-10-28 5:00,2023,10,28,5:00,,,,,,,,,,,,,,,,,,,,,
-112.97,54.28,ABEE AGDM,3010010,2023-10-28 6:00,2023,10,28,6:00,,,,,,,,,,,,,,,,,,,,,
-112.97,54.28,ABEE AGDM,3010010,2023-10-28 7:00,2023,10,28,7:00,,,,,,,,,,,,,,,,,,,,,
-112.97,54.28,ABEE AGDM,3010010,2023-10-28 8:00,2023,10,28,8:00,,,,,,,,,,,,,,,,,,,,,
-112.97,54.28,ABEE AGDM,3010010,2023-10-28 9:00,2023,10,28,9:00,,,,,,,,,,,,,,,,,,,,,
-112.97,54.28,ABEE AGDM,3010010,2023-10-28 10:00,2023,10,28,10:00,,,,,,,,,,,,,,,,,,,,,
-112.97,54.28,ABEE AGDM,3010010,2023-10-28 11:00,2023,10,28,11:00,,,,,,,,,,,,,,,,,,,,,
-112.97,54.28,ABEE AGDM,3010010,2023-10-28 12:00,2023,10,28,12:00,,,,,,,,,,,,,,,,,,,,,
-112.97,54.28,ABEE AGDM,3010010,2023-10-28 13:00,2023,10,28,13:00,,,,,,,,,,,,,,,,,,,,,
-112.97,54.28,ABEE AGDM,3010010,2023-10-28 14:00,2023,10,28,14:00,,,,,,,,,,,,,,,,,,,,,
-112.97,54.28,ABEE AGDM,3010010,2023-10-28 15:00,2023,10,28,15:00,,,,,,,,,,,,,,,,,,,,,
-112.97,54.28,ABEE AGDM,3010010,2023-10-28 16:00,2023,10,28,16:00,,,,,,,,,,,,,,,,,,,,,
-112.97,54.28,ABEE AGDM,3010010,2023-10-28 17:00,2023,10,28,17:00,,,,,,,,,,,,,,,,,,,,,
-112.97,54.28,ABEE AGDM,3010010,2023-10-28 18:00,2023,10,28,18:00,,,,,,,,,,,,,,,,,,,,,
-112.97,54.28,ABEE AGDM,3010010,2023-10-28 19:00,2023,10,28,19:00,,,,,,,,,,,,,,,,,,,,,
-112.97,54.28,ABEE AGDM,3010010,2023-10-28 20:00,2023,10,28,20:00,,,,,,,,,,,,,,,,,,,,,
-112.97,54.28,ABEE AGDM,3010010,2023-10-28 21:00,2023,10,28,21:00,,,,,,,,,,,,,,,,,,,,,
-112.97,54.28,ABEE AGDM,3010010,2023-10-28 22:00,2023,10,28,22:00,,,,,,,,,,,,,,,,,,,,,
-112.97,54.28,ABEE AGDM,3010010,2023-10-28 23:00,2023,10,28,23:00,,,,,,,,,,,,,,,,,,,,,
-112.97,54.28,ABEE AGDM,3010010,2023-10-29 0:00,2023,10,29,0:00,,,,,,,,,,,,,,,,,,,,,
-112.97,54.28,ABEE AGDM,3010010,2023-10-29 1:00,2023,10,29,1:00,,,,,,,,,,,,,,,,,,,,,
-112.97,54.28,ABEE AGDM,3010010,2023-10-29 2:00,2023,10,29,2:00,,,,,,,,,,,,,,,,,,,,,
-112.97,54.28,ABEE AGDM,3010010,2023-10-29 3:00,2023,10,29,3:00,,,,,,,,,,,,,,,,,,,,,
-112.97,54.28,ABEE AGDM,3010010,2023-10-29 4:00,2023,10,29,4:00,,,,,,,,,,,,,,,,,,,,,
-112.97,54.28,ABEE AGDM,3010010,2023-10-29 5:00,2023,10,29,5:00,,,,,,,,,,,,,,,,,,,,,
-112.97,54.28,ABEE AGDM,3010010,2023-10-29 6:00,2023,10,29,6:00,,,,,,,,,,,,,,,,,,,,,
-112.97,54.28,ABEE AGDM,3010010,2023-10-29 7:00,2023,10,29,7:00,,,,,,,,,,,,,,,,,,,,,
-112.97,54.28,ABEE AGDM,3010010,2023-10-29 8:00,2023,10,29,8:00,,,,,,,,,,,,,,,,,,,,,
-112.97,54.28,ABEE AGDM,3010010,2023-10-29 9:00,2023,10,29,9:00,,,,,,,,,,,,,,,,,,,,,
-112.97,54.28,ABEE AGDM,3010010,2023-10-29 10:00,2023,10,29,10:00,,,,,,,,,,,,,,,,,,,,,
-112.97,54.28,ABEE AGDM,3010010,2023-10-29 11:00,2023,10,29,11:00,,,,,,,,,,,,,,,,,,,,,
-112.97,54.28,ABEE AGDM,3010010,2023-10-29 12:00,2023,10,29,12:00,,,,,,,,,,,,,,,,,,,,,
-112.97,54.28,ABEE AGDM,3010010,2023-10-29 13:00,2023,10,29,13:00,,,,,,,,,,,,,,,,,,,,,
-112.97,54.28,ABEE AGDM,3010010,2023-10-29 14:00,2023,10,29,14:00,,,,,,,,,,,,,,,,,,,,,
-112.97,54.28,ABEE AGDM,3010010,2023-10-29 15:00,2023,10,29,15:00,,,,,,,,,,,,,,,,,,,,,
-112.97,54.28,ABEE AGDM,3010010,2023-10-29 16:00,2023,10,29,16:00,,,,,,,,,,,,,,,,,,,,,
-112.97,54.28,ABEE AGDM,3010010,2023-10-29 17:00,2023,10,29,17:00,,,,,,,,,,,,,,,,,,,,,
-112.97,54.28,ABEE AGDM,3010010,2023-10-29 18:00,2023,10,29,18:00,,,,,,,,,,,,,,,,,,,,,
-112.97,54.28,ABEE AGDM,3010010,2023-10-29 19:00,2023,10,29,19:00,,,,,,,,,,,,,,,,,,,,,
-112.97,54.28,ABEE AGDM,3010010,2023-10-29 20:00,2023,10,29,20:00,,,,,,,,,,,,,,,,,,,,,
-112.97,54.28,ABEE AGDM,3010010,2023-10-29 21:00,2023,10,29,21:00,,,,,,,,,,,,,,,,,,,,,
-112.97,54.28,ABEE AGDM,3010010,2023-10-29 22:00,2023,10,29,22:00,,,,,,,,,,,,,,,,,,,,,
-112.97,54.28,ABEE AGDM,3010010,2023-10-29 23:00,2023,10,29,23:00,,,,,,,,,,,,,,,,,,,,,
-112.97,54.28,ABEE AGDM,3010010,2023-10-30 0:00,2023,10,30,0:00,,,,,,,,,,,,,,,,,,,,,
-112.97,54.28,ABEE AGDM,3010010,2023-10-30 1:00,2023,10,30,1:00,,,,,,,,,,,,,,,,,,,,,
-112.97,54.28,ABEE AGDM,3010010,2023-10-30 2:00,2023,10,30,2:00,,,,,,,,,,,,,,,,,,,,,
-112.97,54.28,ABEE AGDM,3010010,2023-10-30 3:00,2023,10,30,3:00,,,,,,,,,,,,,,,,,,,,,
-112.97,54.28,ABEE AGDM,3010010,2023-10-30 4:00,2023,10,30,4:00,,,,,,,,,,,,,,,,,,,,,
-112.97,54.28,ABEE AGDM,3010010,2023-10-30 5:00,2023,10,30,5:00,,,,,,,,,,,,,,,,,,,,,
-112.97,54.28,ABEE AGDM,3010010,2023-10-30 6:00,2023,10,30,6:00,,,,,,,,,,,,,,,,,,,,,
-112.97,54.28,ABEE AGDM,3010010,2023-10-30 7:00,2023,10,30,7:00,,,,,,,,,,,,,,,,,,,,,
-112.97,54.28,ABEE AGDM,3010010,2023-10-30 8:00,2023,10,30,8:00,,,,,,,,,,,,,,,,,,,,,
-112.97,54.28,ABEE AGDM,3010010,2023-10-30 9:00,2023,10,30,9:00,,,,,,,,,,,,,,,,,,,,,
-112.97,54.28,ABEE AGDM,3010010,2023-10-30 10:00,2023,10,30,10:00,,,,,,,,,,,,,,,,,,,,,
-112.97,54.28,ABEE AGDM,3010010,2023-10-30 11:00,2023,10,30,11:00,,,,,,,,,,,,,,,,,,,,,
-112.97,54.28,ABEE AGDM,3010010,2023-10-30 12:00,2023,10,30,12:00,,,,,,,,,,,,,,,,,,,,,
-112.97,54.28,ABEE AGDM,3010010,2023-10-30 13:00,2023,10,30,13:00,,,,,,,,,,,,,,,,,,,,,
-112.97,54.28,ABEE AGDM,3010010,2023-10-30 14:00,2023,10,30,14:00,,,,,,,,,,,,,,,,,,,,,
-112.97,54.28,ABEE AGDM,3010010,2023-10-30 15:00,2023,10,30,15:00,,,,,,,,,,,,,,,,,,,,,
-112.97,54.28,ABEE AGDM,3010010,2023-10-30 16:00,2023,10,30,16:00,,,,,,,,,,,,,,,,,,,,,
-112.97,54.28,ABEE AGDM,3010010,2023-10-30 17:00,2023,10,30,17:00,,,,,,,,,,,,,,,,,,,,,
-112.97,54.28,ABEE AGDM,3010010,2023-10-30 18:00,2023,10,30,18:00,,,,,,,,,,,,,,,,,,,,,
-112.97,54.28,ABEE AGDM,3010010,2023-10-30 19:00,2023,10,30,19:00,,,,,,,,,,,,,,,,,,,,,
-112.97,54.28,ABEE AGDM,3010010,2023-10-30 20:00,2023,10,30,20:00,,,,,,,,,,,,,,,,,,,,,
-112.97,54.28,ABEE AGDM,3010010,2023-10-30 21:00,2023,10,30,21:00,,,,,,,,,,,,,,,,,,,,,
-112.97,54.28,ABEE AGDM,3010010,2023-10-30 22:00,2023,10,30,22:00,,,,,,,,,,,,,,,,,,,,,
-112.97,54.28,ABEE AGDM,3010010,2023-10-30 23:00,2023,10,30,23:00,,,,,,,,,,,,,,,,,,,,,
-112.97,54.28,ABEE AGDM,3010010,2023-10-31 0:00,2023,10,31,0:00,,,,,,,,,,,,,,,,,,,,,
-112.97,54.28,ABEE AGDM,3010010,2023-10-31 1:00,2023,10,31,1:00,,,,,,,,,,,,,,,,,,,,,
-112.97,54.28,ABEE AGDM,3010010,2023-10-31 2:00,2023,10,31,2:00,,,,,,,,,,,,,,,,,,,,,
-112.97,54.28,ABEE AGDM,3010010,2023-10-31 3:00,2023,10,31,3:00,,,,,,,,,,,,,,,,,,,,,
-112.97,54.28,ABEE AGDM,3010010,2023-10-31 4:00,2023,10,31,4:00,,,,,,,,,,,,,,,,,,,,,
-112.97,54.28,ABEE AGDM,3010010,2023-10-31 5:00,2023,10,31,5:00,,,,,,,,,,,,,,,,,,,,,
-112.97,54.28,ABEE AGDM,3010010,2023-10-31 6:00,2023,10,31,6:00,,,,,,,,,,,,,,,,,,,,,
-112.97,54.28,ABEE AGDM,3010010,2023-10-31 7:00,2023,10,31,7:00,,,,,,,,,,,,,,,,,,,,,
-112.97,54.28,ABEE AGDM,3010010,2023-10-31 8:00,2023,10,31,8:00,,,,,,,,,,,,,,,,,,,,,
-112.97,54.28,ABEE AGDM,3010010,2023-10-31 9:00,2023,10,31,9:00,,,,,,,,,,,,,,,,,,,,,
-112.97,54.28,ABEE AGDM,3010010,2023-10-31 10:00,2023,10,31,10:00,,,,,,,,,,,,,,,,,,,,,
-112.97,54.28,ABEE AGDM,3010010,2023-10-31 11:00,2023,10,31,11:00,,,,,,,,,,,,,,,,,,,,,
-112.97,54.28,ABEE AGDM,3010010,2023-10-31 12:00,2023,10,31,12:00,,,,,,,,,,,,,,,,,,,,,
-112.97,54.28,ABEE AGDM,3010010,2023-10-31 13:00,2023,10,31,13:00,,,,,,,,,,,,,,,,,,,,,
-112.97,54.28,ABEE AGDM,3010010,2023-10-31 14:00,2023,10,31,14:00,,,,,,,,,,,,,,,,,,,,,
-112.97,54.28,ABEE AGDM,3010010,2023-10-31 15:00,2023,10,31,15:00,,,,,,,,,,,,,,,,,,,,,
-112.97,54.28,ABEE AGDM,3010010,2023-10-31 16:00,2023,10,31,16:00,,,,,,,,,,,,,,,,,,,,,
-112.97,54.28,ABEE AGDM,3010010,2023-10-31 17:00,2023,10,31,17:00,,,,,,,,,,,,,,,,,,,,,
-112.97,54.28,ABEE AGDM,3010010,2023-10-31 18:00,2023,10,31,18:00,,,,,,,,,,,,,,,,,,,,,
-112.97,54.28,ABEE AGDM,3010010,2023-10-31 19:00,2023,10,31,19:00,,,,,,,,,,,,,,,,,,,,,
-112.97,54.28,ABEE AGDM,3010010,2023-10-31 20:00,2023,10,31,20:00,,,,,,,,,,,,,,,,,,,,,
-112.97,54.28,ABEE AGDM,3010010,2023-10-31 21:00,2023,10,31,21:00,,,,,,,,,,,,,,,,,,,,,
-112.97,54.28,ABEE AGDM,3010010,2023-10-31 22:00,2023,10,31,22:00,,,,,,,,,,,,,,,,,,,,,
-112.97,54.28,ABEE AGDM,3010010,2023-10-31 23:00,2023,10,31,23:00,,,,,,,,,,,,,,,,,,,,,
